,V1,V2,V3,V4
0,0.049167243757594875,0.18582753268046873,0.027155206772692713,-0.08322809730387169
1,-0.11509009609316019,-0.06077984425920019,0.13519201711829065,-0.012749396198715113
2,0.034399261560932946,-0.07483374880114317,0.05693900825547081,0.15745141000385707
3,0.12010682218103359,0.0015520666340371157,0.07690517530818695,-0.024107270059128823
4,-0.17423250593577252,0.005662195443960787,-0.14752258480612418,-0.07472501295166142
5,-0.027343834090301805,0.022657873580994435,-0.05903634206873532,0.029846369444360386
6,-0.20178150854506316,0.16609763013555157,-0.04760633646275356,0.0680481920378729
7,-0.09274575178503396,0.09833569428040355,-0.06927016585811809,-0.1865567023235224
8,0.17479399983715835,0.04513570641950407,0.1295202500944971,-0.17412721450547639
9,0.04317189691320411,-0.14363160196833158,-0.030967052328272255,-0.025225119172069647
10,0.21254640065655278,0.12314886124365929,0.07836739326697868,-0.06909377089182285
11,-0.04540334407573285,-0.006994945420854853,-0.02977382620517231,0.08893640639132123
12,0.10340681374269636,0.04152575985756121,0.08437653052519298,-0.03740587447430184
13,-0.1270044490002866,0.017909289484217345,-0.14252591158785308,-0.018711531923364635
14,0.10063389343182012,-0.08671733613668973,0.17576399538765697,-0.0026611469865164446
15,0.09217619001114245,-0.15480859080078735,0.013679320606477849,-0.08530955508547923
16,0.04051038987146485,0.016548560944276987,-0.05432658513105247,-0.05442321620472542
17,-0.0702893188811295,-0.17452236033970966,-0.16418741257444952,0.11411790416095519
18,0.030305508710117286,0.11131236022253355,-0.043809887133978646,-0.0039807080891804195
19,-0.17106735512630653,-0.07727972995906388,-0.09526280390536493,0.09510843925328538
20,-0.11183924560923719,0.025135368014132704,0.02163540016488963,-0.0006871357943202417
21,0.04510609712863005,0.10048153013776359,0.01846745385348884,-0.2140896432385803
22,-0.04935349089671532,0.08689312823112334,0.036196448132195906,-0.02872911538229618
23,-0.10128814571244947,0.08487316170247101,0.1220727700902294,-0.07450886372236568
24,-0.000706344370960418,0.0030493623642437843,-0.15105853939687297,0.005109768350105548
25,-0.16209198636235111,0.03671111514196286,-0.062443559830872034,0.09024286380894844
26,0.14985184205033697,-0.1075370083305594,0.02821594841146926,-0.15058798618560104
27,0.17450194312563785,-0.029750095715733935,0.03742226641994545,-0.076833150648138
28,0.006920817393694975,-0.017166782471014753,-0.0421757306957633,-0.0547205139165121
29,-0.0014127051820884836,-0.03347482702562575,0.10296178208383233,-0.06561790451196335
30,-0.05855364560228254,0.07622240656667237,-0.2588949548765482,-0.17710740953449974
31,-0.06326947440124134,0.1228081105562517,-0.012294359283569714,-0.07966196376994741
32,0.03397036847176989,0.15302979202046968,-0.005825645008895892,-0.044145179903868854
33,0.008898035844671665,0.01626347813088178,-0.07482586461448569,-0.046709198856853894
34,0.013840444821394468,0.009322667854153074,0.018198142370845487,-0.024018741978900825
35,-0.07521021755756581,0.07863129774049689,0.1605859715451379,-0.23338756169519878
36,-0.016960078990867194,0.09744990713526953,0.004869756063472293,0.14063529899830024
37,-0.14071828072634965,-0.06220674285233513,-0.0767332036972121,-0.027726960285061338
38,0.0622816230325963,-0.10947359094585721,0.042436411600601735,-0.0027998174305055787
39,-0.111970978194,0.0032968623905031344,-0.11016998187128982,0.1803962321625692
40,0.09744242101977839,0.07594550206092274,0.11483469497311016,-0.058177326783616555
41,-0.05954636547433641,-0.11914641366052098,-0.19052120674687553,0.14297081987704818
42,-0.09103839546056322,-0.06733093323320626,-0.06443389760336343,-0.03451033363263663
43,-0.08029864601236238,-0.050762349867643344,0.02350654542395017,0.06022899984622432
44,-0.030130035238387778,0.018340051818027135,-0.14506593583741317,0.030009890974750788
45,0.07124168610473194,-0.009238122441224104,0.1043213176965049,-0.08409357259728645
46,-0.020540772683674956,-0.1799410932013921,-0.23458907290227798,0.11010281972326352
47,0.1252375132130796,0.04055439569734896,0.09106014182931638,0.03049857102028284
48,-0.022572571726177902,0.006963115340030234,0.02520751355267916,0.0173375586151138
49,-0.07257439892554218,0.17768382454402923,0.045173875536855805,0.14889736883788512
50,-0.08318370767555008,-0.05544998964883499,-0.1373011533337463,0.057373439422945496
51,-0.01493895227503047,0.04900762401115566,0.24482616637295285,0.007721603847446974
52,-0.10395281177380603,0.08767207222569363,-0.10560445203817118,0.08778617518879359
53,0.0573561007673497,0.004452997048277228,-0.014688003142590299,-0.018703281698544048
54,0.05668473437509002,0.06226191198523377,0.05565719615845897,-0.06044798473088694
55,-0.028425262709787565,-0.09788104728129196,0.09789204877741178,0.04389811291867267
56,0.12907315831129262,-0.06364641160947171,0.007430224604709101,-0.0822022773516162
57,-0.10258517035187947,0.2050465837026949,-0.07529743296851284,0.024494464280541653
58,0.22777909787994727,-0.06569296291652958,-0.02083816331266125,-0.05953418065779427
59,-0.17723713945178812,0.06554893769074129,0.04085167462507544,-0.03947844629958584
60,-0.12936153741026826,0.10057573493241166,-0.15605450198897353,-0.07298749945570476
61,0.15443020521864118,-0.03572610212546796,-0.08618828139663828,-0.10953985461724008
62,-0.04451271488690083,-0.1438598017752402,-0.05784710988817493,0.06555761323278905
63,0.11125867658501926,0.025745340903571667,0.10489574425367737,-0.014830392192319203
64,0.08333545503509149,-0.04632237125891409,-0.11472953034430808,-0.007951828402854376
65,0.02879918084693996,-0.05375859642477513,-0.02949097205511473,-0.055447157261879744
66,0.1169938825294321,-0.11348113456975624,0.030070973934698972,0.08141237233409096
67,0.08301275765937513,-0.24472697842015118,-0.18650412001030248,0.15160774537833405
68,-0.05465815544137225,0.1706874982655423,0.2254518637660059,-0.061117774978181647
69,0.23585862074096842,-0.14753954497572028,0.13716734728415741,0.09141909017751076
70,-0.0015548835359803243,-0.02633730734629722,0.24168171693454982,0.07190238865349258
71,0.028636486999469142,-0.039871630952945165,0.09287094083920766,-0.006412391679082046
72,0.042751157031886824,-0.16178331160268464,-0.1586960292502471,0.10648417955003522
73,-0.05780473377254052,0.004031042245319723,-0.09923017540077966,-0.04374632485344357
74,-0.09064835500119672,-0.15253785911475776,0.035196146892750045,-0.07707709221538657
75,0.02431787626453262,-0.02468540407253992,-0.07198708657539135,-0.19094984154319045
76,0.1006840283772317,-0.016079358200422243,0.07282556747285372,-0.09459442826244457
77,-0.10187944201817328,-0.06927630709614237,0.1617446206187698,-0.03399990789105062
78,-0.07276245347918862,0.11505727530121004,-0.15989582164292857,0.05333085750362123
79,0.08434680855756822,0.06689349686657395,-0.03871089446526382,-0.0028525110100894903
80,-0.06397935357377321,-0.07561833713412265,-0.11743210940461721,0.15942386851061677
81,-0.028812081618870135,0.11838877145877767,-0.064725887176388,-0.1250082993594038
82,0.023950566840425663,0.01509054079993901,-0.08524465173443428,0.02922266986585527
83,-0.01890354334979204,-0.16180224898001222,0.07037715244075451,0.1290196115074075
84,-0.06532140526784763,0.0672086526953031,-0.06553791479040491,0.008511696153516594
85,-0.09346674050303655,0.027753237876398273,-0.16346423743390057,-0.07389437780862235
86,-0.06091731835262999,0.10214040062884795,0.13543622883179912,0.056840596365869
87,0.06352048537646401,-0.04295463931808917,-0.03419182480292876,-0.10521410321909835
88,-0.020048086749997064,0.1052775001021627,0.08935004965195353,-0.10412387711441093
89,-0.02196203729953005,0.0056086390654915465,-0.09468929058335167,0.22390980304399077
90,-0.07336398260003178,0.010284664835781575,-0.0906359760730655,0.045216739088917185
91,0.0032040184390265698,-0.08837038929229073,0.1921027133131851,0.12582862915607523
92,-0.132690012915313,-0.06311542950550181,0.0968762597685396,-0.01806172885372683
93,0.09136877439341819,-0.19983502453297622,-0.05464192233818975,-0.06843325912506133
94,-0.08217908016944636,-0.1316059625986871,-0.03593816481461273,-0.0355321823701666
95,-0.12226079894711278,0.08588665119824568,-0.21343167547435246,0.08416931262613177
96,0.03846405639530516,0.11689480293429608,-0.0036709506907870587,-0.06332691243158173
97,0.03143149722262074,-0.0010746982446263355,0.21931868325436848,-0.21912388604447902
98,0.04715157545572303,-0.026439467705716865,0.12698982873790016,0.050207102225300476
99,-0.06770160583739007,-0.06776781371628784,-0.10446852256872724,0.22720566531952935
100,0.13416568647933866,-0.10632135654401814,0.07547597009592895,0.09438332766533519
101,-0.02709756768793549,-0.007271946037530315,0.09941935512725092,0.02973806632819859
102,-0.11581211127548459,0.10418341265608433,0.030156067885925078,-0.1584611809023092
103,0.05734013744220576,-0.11860193713333413,-0.04266793628890141,0.11641469081696662
104,-0.04980814953851659,-0.02044599380252213,0.1437187088323928,-0.1624062435204995
105,-0.0978729511210621,0.1607366753620708,0.08630319117101418,-0.04257512997061044
106,-0.0675310290942532,-0.05428377725769027,0.1585027252817154,-0.02250404790052255
107,0.05495642411467051,-0.015439935703628317,-0.06485570029691477,-0.10339755526360228
108,0.08095380510078447,-0.13008340695680878,-0.003870753839149116,-0.015337180599512515
109,0.12601290566156717,-0.06944892335219596,0.1029685905351422,-0.15167734250772555
110,-0.018782088210854777,0.07379265604651872,-0.09070661042196775,-0.003215726670171979
111,-0.023402466120875626,0.09210160025859007,0.04966437368222753,-0.13331503957884908
112,0.007312234337007552,0.08357002047623575,-0.009116040594402349,0.12615499211110065
113,0.15443474551698078,-0.15310578266415278,0.15740151671838518,0.042211514716847316
114,0.12480566810743401,0.06690500405856042,-0.13176661068251871,0.1085259373109827
115,-0.09118737889516487,0.14152455739238756,0.058536311436452604,-0.21314985934748693
116,0.03169244149623776,0.08750602184154263,-0.10417451244283227,0.08411803445615335
117,-0.028138513127957367,0.14501435093789625,-0.21047779061816288,-0.008116061181613541
118,0.06579527900751912,-0.16089036378188157,0.021588989117651506,0.10918155682977773
119,0.07705627334630916,0.13872606421260267,0.13877639912773965,-0.10690816779617536
120,0.1371155082059478,-0.008137776197775337,0.21919940056203457,0.22147333466414537
121,0.009259030584207528,-0.009238684358749643,0.06750316332585322,0.038802534778750286
122,0.07463108958617015,0.03534442481891459,-0.053467984121304074,0.17065637958066374
123,-0.187495558785467,-0.020331826776638452,-0.23307968678093954,-0.04269979084568116
124,0.043809759529966005,0.08750057925469541,-0.03912422097842361,-0.1184635882065493
125,-0.18985781942794913,0.042423422501559505,-0.05207588845248907,-0.21013945821765387
126,0.04198527962836251,-0.11846770260795957,0.010592130917708099,0.058991505192060555
127,-0.03933243419659699,-0.015862975924541986,-0.1684851330893473,0.09102129559500458
128,-0.014553999147697248,-0.12810137373539052,-0.12901063547005145,-0.0015271722232143292
129,0.028129372915242035,0.047625413979717,-0.03273180621981639,0.0506218477999133
130,0.03781004206680421,-0.026060340358136348,-0.019788895892786974,0.06438991757655298
131,-0.013849495482563229,-0.13185769922091728,-0.04294018450075054,0.12792953250233025
132,0.04039607342269252,-0.05855554241997773,-0.11274844077302701,0.12954917246007358
133,-0.2030742073457689,-0.0083785225990516,-0.1591770035911505,0.05000541854579081
134,0.12331021766871837,-0.08813744220452488,-0.09463364830088875,0.16862760799230497
135,0.11155929144359052,0.008879310277017851,0.03875328502310153,-0.10903420172325985
136,-0.05596853276055938,-0.23605221340212906,-0.04287236906627033,0.029634496755461107
137,0.07106220473309731,-0.04742624816252878,-0.026887937334239435,0.1279210247006286
138,0.07285562081332074,-0.006302551702436571,0.09544275630216797,0.06457469951078845
139,-0.055198757290497516,-0.17024394812301086,-0.09623234932332672,-0.06633113624100256
140,-0.003620301053083629,0.030707618299993363,-0.15721800987279994,-0.01797404397062294
141,0.0013575984841671521,0.048435124691722516,0.03630652817678246,-0.15114606389693805
142,0.02850531368619524,0.061048821727115794,-0.16410535513525384,-0.15958772791758166
143,-0.03459834295769814,-0.14038395431333495,-0.08567867495045232,0.12766496129885974
144,0.09736416516479904,0.0639815154906256,-0.06733013481028308,-0.013035194362841444
145,0.011833054567481854,0.07588933937716846,0.10898302679702987,-0.024834732067581015
146,0.07999048244799606,-0.04738413229902921,-0.014572931182173746,0.11060912402078991
147,-0.02734712000440341,-0.18124081554042729,0.049170405970783565,0.07420539239078067
148,-0.08266174976335272,0.2283173608367408,-0.1668563526002818,-0.10415383535675232
149,0.03344558029535455,0.01925134861979461,0.05613113922538854,-0.06544007022226445
150,0.024047906189655646,0.0732726694490368,-0.09370506736404696,0.15965201171213428
151,-0.01294154189367759,-0.019763625659484793,0.058078808491051036,-0.1566759585602817
152,0.012286935113429771,-0.023902648805796203,-0.2565252797911716,0.05606288104123128
153,-0.028445284193003625,0.05539972940971278,-0.12708600555722388,-0.08982287511331218
154,0.059007981070644235,0.11840524757995512,0.0696227535998618,-0.0005730850207811278
155,0.11542598618333869,0.11148409356436993,-0.07131994315608685,-0.005820287041298167
156,0.06479485065910806,-0.13126272721212656,-0.02802202102450991,0.09929307091128489
157,-0.14485506777126914,-0.06729366603602757,-0.1092476695138225,0.07791294020273504
158,0.06315734642797886,-0.20903861725404385,0.11937008660878895,0.29718727620651975
159,0.05735876495674648,0.03138670295580999,0.050266327241764754,-0.30813973464442046
160,-0.24082503090465812,0.08386782263756887,-0.09584314812336073,0.23632302546435124
161,-0.04991858464477842,0.15337844124400085,-0.006655816950285429,-0.038161969185616124
162,0.13526344051500525,0.010509858621924703,0.1842957339776911,-0.09346990496445136
163,-0.13193436916243062,0.12556361876240202,-0.13621702417214215,-0.08954329386646726
164,-0.10152732842790316,0.016679740166508576,0.011149941075308464,0.03868311303455669
165,0.11374965359264498,0.024717253454096682,0.1333324014379479,-0.030967436436514343
166,0.14591472272261422,-0.1549489882448659,0.07692832656779122,0.15670521679569543
167,-0.061132441271028126,0.015862433304859022,-0.13167162174098127,-0.04305877861776475
168,-0.20857906076155036,0.003885223671747394,-0.19652721321745148,0.01780633098406318
169,0.049729502478916714,0.18815364180735658,0.0644638353457628,-0.1409309455842585
170,0.02929400449032259,0.1361683590591919,-0.025987961593608534,0.005629307603100972
171,0.03936280984987226,0.12342156334279482,-0.053731915360527405,-0.021231784203167986
172,0.08405334864328015,0.05591041265534886,0.0263081074312285,-0.02002624241774322
173,0.16471718377497585,0.16503015815279282,-0.01991639544792545,-0.03979944881839747
174,0.07753613364853797,-0.007151663770442861,0.09459902360174936,0.0510773442021114
175,-0.05445012523433205,0.119958995483702,0.10429992749542612,-0.03607166214088607
176,0.023116410409948263,0.06657685317921647,-0.15884431866763657,-0.17044399322229592
177,0.07814060205523182,0.002408832517241069,0.11114208719130109,0.05547782160947992
178,-0.15923243491013925,0.1406041248951516,-0.15982417422051234,0.017116607545313682
179,-0.07008308146727325,0.013418662430959665,-0.08019866295613712,-0.01889611952210378
180,0.12420853244629573,-0.10340946104879876,0.011390256143235765,-0.04692279382967193
181,0.03520051619039734,-0.1551425397236534,0.0646596676624086,0.017485552556084714
182,-0.038733726650521355,-0.09437302086483342,-0.005625038057114489,-0.11515096080134277
183,-0.0321584376705905,0.27755475907814475,0.03523670229749343,-0.1399233446051123
184,-0.014073718051689377,0.03230670581797123,0.023554164782677862,-0.028347462793750198
185,-0.03818667013069787,0.0666317928246062,-0.16530926388405257,-0.012990182481698025
186,0.0056137709705709376,-0.047159970514722475,0.010654487943153072,0.016203772018557678
187,-0.022384495312101283,-0.26464049999653266,-0.05005309833302952,-0.034193327668901485
188,0.1332864148628171,0.13101506025531445,0.018638858562948182,-0.2689018277280578
189,-0.06959299153990905,0.20213495285185826,0.103659751392505,-0.2105827605227029
190,-0.019122148945457343,-0.020942023631477437,0.08596400201329049,0.03178338277984107
191,-0.1328093272463376,0.01571713012120384,-0.10632954551056237,0.11999502629057526
192,-0.09168802682814792,-0.000492091928163553,-0.11111865335190588,-0.05046454703644865
193,0.12947564045339588,-0.04939023806509939,0.13754945515508588,-0.13989057576643654
194,-0.08639861182311823,-0.025422139122811258,-0.04189674948780034,0.05772980840867506
195,-0.09801610162061332,-0.1280720104405301,-0.10820685814889507,0.09165478957149414
196,-0.1264410301621781,0.10596421376975675,-0.11305262909257009,-0.09312386086348107
197,0.2177938943479783,0.09596057956630619,0.011597383380090198,0.05081872333056838
198,-0.21336779189643132,-0.20454525428975778,-0.15004643105165721,0.1558282982415456
199,-0.18669028687619088,0.07438656417003925,-0.08382082328310292,-0.15174678683500417
200,-0.008644856727523595,-0.016457257436409835,-0.00011405814856104389,0.024507476207307713
201,-0.05114566045258195,-0.003937430497644697,0.0065836560796483715,0.11280761072966719
202,-0.12653516792054365,-0.16253332848796442,-0.06799258259939094,0.035987687389723196
203,-0.037720136149720244,-0.15983163245848162,0.026394118744039737,0.17372720186942286
204,0.061809375479939616,-0.02924541402547455,0.02871346381243605,-0.041203896962571734
205,-0.04416654792184363,-0.17679899245348296,-0.13873815059174546,0.050490009410421456
206,-0.15484960639373266,0.1006827877669027,-0.30504397563053903,-0.05321014506506443
207,0.0073041308697566745,0.024037971847121486,0.01759065268610721,0.006878366550177057
208,-0.009646385124294797,-0.023433629945403753,-0.052436777864206696,-0.10395938328303041
209,0.059878621433373636,0.04692965384019267,-0.04412968258708617,-0.15352674014005221
210,0.09447099188141916,0.09089341546726522,0.05206605930316363,0.028497608187241334
211,0.03171717712606792,-0.06066663981182362,0.05599593059385936,-0.13729084213926257
212,-0.19331711645462657,0.11073349703152607,-0.20088423315404402,0.025278455423200907
213,-0.005119201199677064,-0.03943867294620399,-0.10414821954505361,-0.05016473607656368
214,0.037964832677792604,-0.14112432516472273,0.2311362112062913,0.05038764133858971
215,-0.016595158117903526,0.09650233424279155,-0.11839463290125116,0.14060679291061035
216,0.02574008545222914,-0.12258556114557893,0.16566354021602153,-0.01064038727752219
217,0.15100904704423604,0.11394298038394188,0.07966938223832953,0.11832271900682255
218,-0.16445516994151235,-0.07811705007377487,-0.15630136335044145,0.1687123973651705
219,0.1123158766758607,-0.13031914030568695,0.07004131795930944,0.04844398219068762
220,-0.19212367394746416,0.04896330986683871,-0.16153224406468172,-0.010705000869952703
221,0.04866362448919213,-0.023942655300708406,-0.24353931671788864,0.0847742142932803
222,0.16847546264974608,-0.06331219983870606,0.004621002005396946,0.18283253802851007
223,0.1429457489913675,-0.008730358618174582,0.21912324383123127,0.1275314481727772
224,0.1877863624147133,-0.08537542543001862,-0.09061688841674854,0.19894385620252428
225,-0.0003374241568885593,0.08987878221168114,-0.10256102089997292,0.12968092280818644
226,0.06861101088526037,-0.04103227143863322,0.07231873088257924,0.07000820964931813
227,-0.0342308775119832,-0.14421438134617295,-0.15926223227423436,-0.03749917483711167
228,-0.04974690075569373,0.1526615535232512,-0.07736049980853849,-0.04119961800317118
229,0.0693744064078489,-0.18430780122861448,0.1196181196023021,0.027792439232864754
230,-0.018403042666624455,0.07048677880374889,0.02422431971372748,-0.031318537721155844
231,-0.07836506057539301,0.17511517704745344,-0.0683826993891883,-0.037946755355131895
232,0.06225854490317487,-0.09453521525564604,-0.10084209159811655,0.07662154123762484
233,-0.05392492260765091,0.002573038266587304,-0.015801360837622604,0.037732916050272264
234,0.08494451480412296,0.07535465538689762,-0.02167594007699651,-0.0011252003299703286
235,0.001060980397762684,-0.017615959933803233,0.03367720881619048,0.0016828332818116516
236,-0.2489323965255268,0.17689312898202275,-0.16413361383174777,-0.15965261450693252
237,-0.024994618567628156,-0.07879465492992832,0.0687013585029098,0.013622548713796114
238,-0.10754306042375497,0.06325658831289967,0.03964330351138754,-0.193592879810191
239,-0.005667997085803261,0.0331735995424744,0.21926480441376736,0.0622395272456465
240,-0.012978204270427326,-0.15532798820368235,0.033097654275239446,0.30036885718162687
241,-0.1425013950274655,0.17275649694360104,0.16066533745506556,-0.10640474817418485
242,-0.11434942991624449,0.21323938257870645,-0.08697290830561512,0.05494328968220262
243,0.0008925870650250023,0.04157015890251732,-0.0442969131395379,0.0131176375235601
244,0.15100514469861992,-0.006872695462242753,0.18250750925018344,0.048079123691905985
245,-0.0771228686008067,0.14411849709988872,-0.013564264335315795,-0.0776151159347628
246,0.04595424093235126,0.015972601630671518,0.041444141532064466,0.14694377088813193
247,-0.04258960897963645,0.028990564110128736,-0.015037089969662165,-0.09125649579826284
248,-0.09520184151446073,0.1858813406563779,-0.10669676771743944,-0.10900879969655469
249,0.006249909480407821,0.052278862669418134,-0.0017399648408507585,0.04717360844604898
250,-0.03594293999421997,-0.13477704334230522,-0.022081460141210905,-0.07269215170374266
251,0.2128373962974609,-0.11106964781016608,0.1984102238247497,-0.03108022717496607
252,-0.02621248899363557,-0.021873915224881392,-0.00030380996188555595,-0.18811461042599592
253,0.13289417313597127,-0.07905327306969626,0.10631657628936309,0.04506845716603715
254,-0.04294975470246135,0.01860914228333798,0.06561579862301135,0.004142313529629179
255,-0.0966824425910664,0.2625335923727335,0.012385881417848299,-0.07885182802270904
256,0.07952458572694251,-0.049073247631736684,0.05801870163101606,0.06391218150850023
257,-0.006762427646618878,-0.17461623072095628,-0.11246518516907614,0.0873749582984594
258,-0.12105418337418938,-0.13094995933519707,-0.10730446082171301,0.05350758330005018
259,-0.12132293309509586,0.09715594713924335,0.008863332107445776,-0.06883152440223596
260,0.10895932828557874,0.03020738109539832,-0.04625447973253191,0.0637245046626968
261,-0.08302261256706928,-0.003487730994642252,-0.07283526908628656,0.05675138685919606
262,-0.181719370602736,-0.04355133740157612,-0.1313896154768155,0.22222685094387384
263,0.22417372432213326,-0.018132318744759193,0.05494402737158362,0.027874834369644365
264,0.027255514814278504,-0.11887225939862354,-0.0038250112237298226,0.20401288126601488
265,-0.04882992884542948,0.07300273117995815,0.012936881252042544,-0.06948423602169004
266,0.14829493952791545,-0.19863255057217255,0.012250347172662476,0.14844557774726658
267,-0.047754770151063025,-0.02874267952435352,0.020283856501053812,-0.009557223531096278
268,0.03503534552706142,0.02568781342490183,-0.09485800773860956,0.08767625177908792
269,0.05506372215618889,-0.030674954821755362,-0.17281272481975207,0.03254323833612681
270,-0.04363380043330815,0.21212733442587778,0.13936992233127152,-0.07317336774073718
271,-0.06352707977533308,0.028309038192884037,-0.11134822601723424,0.1777087614057846
272,-0.028017322580452378,0.3458404197367017,8.213247423801209e-05,-0.11507726451120351
273,0.0024089472395281536,0.0977853639922345,-0.029731152029532616,-0.021251139842672066
274,0.0598321516562972,0.12059631885302101,-0.00011508624652555727,-0.05964946874742862
275,-0.06252031082552521,0.014578858147366548,0.19547057534765805,0.02510435605134098
276,0.03222269800423632,-0.004968607970417588,0.06604365942651261,0.05932918634850513
277,-0.08932551028087665,0.019064020422268273,-0.050690928064017905,-0.055176297207119564
278,-0.11125703360225095,0.1794389387377631,0.1251427162213933,0.07834226233783545
279,-0.028285646735952626,-0.05162402944907589,-0.09679810274820962,-0.041350888090438014
280,-0.12034770282902062,-0.07376167631847344,-0.04611444839948879,0.13135982260102896
281,-0.15849585131089927,0.13242174253560055,-0.20789596042931122,-0.06840705036136395
282,-0.09610906873176463,-0.04084680382211903,0.10713206072239917,0.06487319510679052
283,0.007594626801260742,-0.12399631351484106,0.07609244510729327,0.04680802354125842
284,-0.014831510536242596,0.06776699178019548,-0.08737793659306702,0.08593468557344913
285,0.03706291878641056,0.2119358361332288,0.07971086688227227,-0.09790581812577434
286,-0.03332240540234721,-0.02398384221207918,-0.15263586394616308,0.02178486872105853
287,-0.06523142881541986,0.0955340778841716,-0.020598963883128256,-0.06543247625548768
288,-0.032411433432273665,0.04482497447357512,0.022069907207169732,0.16143751038496537
289,0.01861629298422505,-0.022439194132488783,-0.01640939806914311,0.041482792449541665
290,-0.17056655303117527,0.08064725466741249,-0.2623667284229266,-0.05092841611591036
291,-0.09945929682043327,-0.15771690450168974,-0.11215545212916768,-0.10938514166320269
292,-0.07651136810107101,0.09525440200482868,0.07651735177359462,-0.029515892718103346
293,-0.11292681013726402,0.09114622950139478,-0.08027814456636129,0.004265066246852946
294,0.003864748319857211,-0.061636042525401905,-0.14917819081647712,0.1106414323366799
295,-0.17605057915798772,0.05417821403540961,-0.0293658448632466,-0.030226142826872596
296,-0.1433681715388279,0.07510887079319845,-0.12575468207298432,0.13475760964841724
297,-0.08443432979647472,-0.03139996406914122,-0.046372024265949004,0.14138077238079455
298,-0.05438060910538439,0.05170677076846437,0.09282999069718997,-0.017153544345432547
299,0.05345094960312355,-0.09535797571159425,0.07862942150330615,0.07924562760590033
300,0.05224989924059741,0.11213465133399964,-0.043986920978482946,0.008296304087220888
301,0.0921828015388161,-0.013095484917734676,0.10342649362876559,0.015854442823556976
302,-0.06654925546800543,0.12699467194637112,0.12426550232081832,0.015215451630384222
303,-0.1172696787104502,0.11040730863911766,-0.16736609577316103,0.0036103078757111252
304,0.07593191525341936,-0.04462590944798429,0.02985588730274094,-0.05429480684586151
305,0.05978040320652486,0.06823850505083875,-0.02776827955645303,-0.10290798308843621
306,-0.04759092758911781,-0.10339422945517646,-0.10622139647400258,0.09146651207801908
307,-0.039077928252822774,-0.07900790526648227,0.023435025167153626,0.11211123851826403
308,-0.11174099155502022,-0.02033820211461741,0.051552438393584005,0.0552158537935045
309,-0.03325160145962752,0.054915608819359175,-0.05314091239275819,0.005218549061944069
310,0.09952618510386158,-0.27539694527196773,0.15891073819929669,0.1319271323849005
311,0.17420987494613174,-0.15162239168024566,0.2368573645023592,0.06633758062523895
312,0.08272657259583918,0.1727781230682454,0.10989366610807143,0.10937398175453591
313,-0.0011673025379431376,0.09835727238285441,0.011103426214879373,-0.12435656433491239
314,0.07983072108934858,-0.015979572743465308,-0.0788338099042716,0.04511217227675157
315,0.0848503365464551,-0.2122852471881772,-0.1666775319200774,0.05809100472532011
316,-0.10814364976857996,0.11894787913739557,0.03330667647886913,-0.09857831874631415
317,0.05855577761154306,-0.10920135650112525,-0.06960420590907812,-0.025128063193503067
318,-0.027104130468900475,-0.1047218084685662,-0.07514494642478597,-0.0852936806690972
319,-0.07721107920482097,-0.050196399452904814,0.039877837629390206,0.03226834205028786
320,-0.07071602793473834,-0.15996998481429606,0.030872184229870175,0.104900642062322
321,0.1684488764580462,-0.13517161431718655,0.14745379341870357,-0.05583984529238149
322,0.1286514239416663,0.10719178893935294,0.07969728120604876,-0.1382376237401594
323,-0.12422674559690004,0.1005416713721366,-0.07744462624208825,-0.05601022018843378
324,0.07644315299308523,0.009273216226095862,0.021033504632643057,-0.188577621527239
325,0.028038545110534243,-0.1641107631755513,0.00229850811901533,0.11994832404929806
326,-0.04825767098800948,-0.014405913562476245,-0.053887132590345777,0.024067640233655575
327,0.06027708643700824,0.01635939724223994,0.07839898451751905,0.15161908214297792
328,0.052306029894075984,-0.02728744814163659,0.0869588156524929,0.08917411786149883
329,0.032707770755115495,-0.01990192595164572,-0.034636962954413576,0.058873387684716526
330,-0.1599042582998847,-0.051639757348308536,-0.14669930012739987,0.15956754990049282
331,-0.12816818650795656,-0.04316216676993803,0.02817612720628425,0.09561723066037096
332,-0.028555606393967144,-0.13520069733697068,0.03623487922325095,-0.07542006516989541
333,0.20206136242614986,-0.3043234515347191,0.06418036067360136,0.11381604899491675
334,-0.04038934449671321,-0.03543966310178926,0.023425434619531556,-0.05582931824982805
335,-0.09337650876758763,0.18346442708215766,-0.040800789551993566,-0.04713211522152973
336,-0.11751757921682136,0.01973399753361613,-0.05145934426354307,0.11225512993504798
337,-0.0021297046832782925,-0.09095472886437501,0.003045324165612625,-0.07683084424808406
338,0.14204257491111572,0.042592439290502965,0.13081471931636754,-0.20434913226749485
339,-0.1811444333476796,0.048836526259706955,0.011813547955474443,-0.12307452766243324
340,0.1068720776689168,0.04577416532777384,-0.05662360224104692,0.05858768905920894
341,0.19793871214968625,-0.04312674590804641,0.15817897239987969,-0.059239349247235076
342,0.07751079623006839,-0.05621378240452179,0.16901667999848047,-0.010855161158407074
343,-0.04453079551980965,-0.008308813147495826,-0.18808334168230118,-0.0263669239256794
344,-0.06970938808741346,0.1207304191055196,0.16976402839332816,-0.10908160319793939
345,-0.13658521434170715,0.0676049115625273,0.11337597052865445,0.049962357642038296
346,0.07730521519451511,-0.16464685948005148,-0.08963030057871754,0.22612471873837786
347,-0.0238407256222984,-0.1386008259021695,0.021158687789658542,0.0673822742050175
348,0.031481186234105486,-0.03170779661753252,-0.08087687888182143,0.23959126562785557
349,0.16161263522733088,0.07634847570792729,0.045229988150530705,0.10060481985256953
350,0.1817653101028642,-0.007092007201442086,-0.0409555527699388,-0.12648347579837166
351,-0.09528482667791331,-0.11263208252792811,-0.10720220900606903,-0.0018776599126723303
352,-0.12123586123576008,-0.04618186873843614,-0.27283323955218475,0.07987924621878675
353,0.09647411500862992,-0.046671560142658386,-0.10611211110013764,0.04362776978348385
354,0.19309135508624425,-0.1073372538233843,0.0917361507951318,0.04130819974760726
355,-0.06810835204073026,-0.18267342606617976,0.011774801419009134,-0.051333971762445044
356,0.14510287709702654,0.03272434733913751,0.10671789683286746,-0.16325135913289449
357,-0.11924867586583172,0.027059950746211012,0.04147782888755916,-0.11539821470895958
358,0.19294970795317382,0.05360359678524866,-0.056558344854107476,-0.12900294153119313
359,-0.08196101744919164,-0.011414909572694854,0.12736762559838538,0.20477258830660716
360,-0.0690589859772571,-0.0467335279995825,0.015315334277889725,-0.11231818720507626
361,-0.03467026261377048,0.007173773990617921,-0.09418826489059351,-0.04412877322372477
362,-0.031923381384747464,-0.02159992654178615,-0.017748092578805833,-0.05941104352518174
363,0.1465984377960545,0.09875214720800383,-0.031653009434825005,-0.15373047217565777
364,0.11401981972465987,-0.17386275528037504,0.03631334656393236,-0.022116721960144886
365,-0.07803428225497272,-0.03424891931294522,0.08240885934025356,0.07281787821609517
366,0.02716624985587153,-0.17978983340221735,-0.12217575551777676,0.3211389030441729
367,0.08979683864784795,0.07909125621105237,-0.05343646731798357,0.03512093922254887
368,0.10542570274694665,-0.01472307555023795,-0.06896860703820468,-0.06596406660876092
369,-0.23529331421828528,-0.035060636883892014,-0.29973796481026266,0.2136764998152087
370,0.008396033530119522,-0.2289003292379664,-0.0012260599403000052,0.09422536538807923
371,0.1521181505663225,0.06020844928040679,0.1828298862723179,0.015056847883312283
372,0.06386179764003314,-0.11561858728797277,0.18803314291272827,0.0853118841744757
373,0.0184002566232318,0.09251458507508441,0.00445461878142305,-0.17015525879770108
374,0.09843455120026441,0.02514590335143763,0.019050770367322473,-0.14477896934551704
375,-0.18882314584724202,0.01980767855417352,-0.13633137085066438,-0.05359943215999892
376,-0.13764321204323646,-0.03571752650707124,-0.17430521207082111,0.03799048789558093
377,-0.16227797494446558,-0.09557444864261312,-0.05432574082008139,0.09042524305561095
378,-0.21162961990204232,-0.06143580335208931,-0.0987656458981066,-0.01413927057785467
379,0.03602594515206022,0.17878681062968965,-0.02601095624237436,-0.2606588945066273
380,0.06609319974366655,0.180171135202918,-0.010287430554429981,-0.03477365937203739
381,0.0456293683438076,0.08803175120280894,0.2324604008420508,-0.164790192384414
382,-0.10100390420674941,-0.03323013287045109,-0.13392670371211018,-0.12894669088779911
383,-0.0013923003643198698,0.011733569698972646,-0.04438042242210712,-0.025734745941124362
384,-0.021075599319324564,0.1340717348024885,0.07705806995104661,-0.009067362845781385
385,-0.08045839179504476,0.0031106141669380027,-0.09761217676710618,0.05021636999993909
386,0.0760914426454508,-0.07035421935593172,-0.16195413940724626,0.18919075651049788
387,-0.020274904720628664,-0.05525780510951243,0.015541030808057571,0.15908864615873597
388,0.05348966358500811,-0.22462985250755188,0.020592057731969066,-0.017341416970840934
389,-0.013884387400042084,0.18791258088618432,0.07957479687358078,-0.019162778908314443
390,0.05606142034684716,0.1971034170877623,-0.009201200170187218,0.0915870113688173
391,0.1138137004199785,0.1365246676843347,0.34087683592998175,-0.2597874685978694
392,0.0035401229435991243,-0.135184238797884,0.005873460687626286,0.11208888855908089
393,-0.15276338086683167,0.04506107462262014,0.10551083806106792,-0.08935681390831242
394,-0.0626200879964727,0.042887553334741285,-0.12222864488726284,-0.041693337354123415
395,0.010690839774904494,-0.0023866946414974975,-0.09201256366744777,-0.04532026688723445
396,0.04707419251651401,0.015060452770089975,0.01472563269590955,-0.07150749932696458
397,-0.06631811997674435,-0.0058999498265083685,-0.20313270429499547,0.22328379736626733
398,-0.14215508316636055,0.31671607719249256,-0.013325323836392816,-0.11774513450470593
399,0.0019158499330738721,-0.025288257016767637,-0.027844151046052545,-0.15350393743614038
400,0.20622720037182274,-0.13674960570996592,-0.032799822671154596,-0.0015376730251022638
401,-0.08998647563119169,-0.13425301966686876,-0.061101831465493986,-0.10217414525455559
402,-0.015156901172538755,-0.09532025114006278,-0.12851496743322557,0.10196319076631574
403,-0.037158249956945645,-0.06044026088140484,0.008278460200525396,0.07016047319353744
404,-0.06162472814882891,-0.1835612414786658,-0.039145341937581346,0.2132149594925713
405,-0.12634154419201557,0.21348491684517928,-0.16750096362127084,-0.06826464663717219
406,0.0012700344458390104,-0.02975638942882789,0.023134234701251154,0.18988462719604812
407,-0.03218809227856037,-0.12902482737989593,-0.07242662111752346,-0.007090589963748298
408,-0.06285777334977122,-0.0703186555469302,-0.11652115799150431,-0.04663598264319836
409,-0.08010635824006346,0.012013046795127073,-0.0621016035975553,-0.054801193408263275
410,-0.05265348604254691,0.0004429336249818887,-0.08169053291776092,0.14240888439104551
411,0.06954014149093654,-0.011312743807846111,0.050809987235271074,0.03930682399467556
412,0.14281309819748414,0.03623087667917782,-0.11788509947703836,-0.05321601917747003
413,0.04147144407353235,-0.038680503709646846,-0.12585205907578334,0.0413719543543941
414,-0.020646382214183325,-0.05731829340262404,0.05220957989706891,-0.13042010023215878
415,-0.09318540917172465,0.08233832374173446,-0.166810438920785,-0.022657500364522555
416,-0.1316428148548636,-0.056928809734080876,-0.04719400524959104,0.04596570649014012
417,0.009861862520048718,0.07351648628013752,0.08273780214318419,-0.15926539354721828
418,-0.06935837770325402,0.07187534548433178,-0.14129863421409808,0.14414029498252742
419,0.07343547049527292,0.15192847151753266,0.10509161444826699,-0.19634622882311875
420,-0.016761653297613133,-0.11713644523988281,-0.08329468537730411,-0.012498621627501733
421,-0.027287128520173915,-0.007966455071169457,-0.20196111979644157,0.07257572210591055
422,0.15391442719999443,-0.05172211349777458,0.19613957662272322,-0.09604249913617081
423,0.013277381107974738,-0.05063425736817906,0.11964389785741805,-0.20926984727274398
424,-0.16274424690952788,-0.05416464446654691,-0.025686864538917914,-0.02870273979152953
425,-0.22105440812187652,0.11477355282737872,-0.266999413836448,0.11067284171205227
426,0.0784962079809881,0.008371118202270204,0.1888505647744659,-0.06596711393794795
427,-0.08895273901769979,0.03185337111822252,0.11179309541725574,0.054183900655538374
428,-0.008134659800085589,0.03452306349323733,0.04199856364429923,0.11845894732126107
429,0.06508542730641552,-0.17729805349316244,0.044707738680824824,-0.036843298521325715
430,0.1300146293751632,0.07915175956475563,0.15123863617862598,-0.03458107639779785
431,-0.00941167730374104,0.08460983169474703,-0.10657507175754341,-0.10052769658488014
432,-0.002250634531369598,0.15022310228738875,-0.06177867750506341,0.01726846958054929
433,0.10037640736129311,0.09091462656494445,0.10328790588660519,0.03434688148300845
434,0.08614874953551757,0.138623242569928,0.1103425411166673,-0.0026684659959874263
435,0.05120303606574074,0.007158598431244315,0.09009363540033054,0.07020952798365063
436,-0.008018039905126116,-0.015800868806125072,0.0682687057240057,-0.18468189913006736
437,-0.03679870106773791,0.15088433630860745,0.01570758493042652,0.03805406120260774
438,0.18934490521026717,-0.015166065486912822,0.13582480368774125,0.08620057946825833
439,0.1906872352558948,-0.06471407318204467,-0.1445622859534241,0.07695773316604856
440,0.04257954577578053,-0.025425870622960808,0.0038506899538346337,0.01554657686834527
441,0.2272189326228498,-0.024874091997365216,0.1939503335094345,-0.03477020781016561
442,0.043037981155403554,0.14905338544798183,-0.1545170218770884,0.07928928623135167
443,-0.07683592236682457,0.11723861780063942,-0.09846173342303971,0.002153256938517027
444,0.02705503085196236,-0.03892843223905537,0.07811740773793521,0.06831265358172005
445,-0.060599957447699596,-0.08607771702938337,0.05096351211652943,0.12644041929252278
446,-0.1937333180959372,0.13756491894206713,0.021249512283028113,-0.047240380360132055
447,-0.04609850759801512,0.1049065598749694,-0.03811493243427391,-0.3016818997364499
448,-0.1584406107637559,-0.03530260997819887,-0.1818209838753583,-0.1347767289105968
449,0.08833693387006797,-0.08119766182428016,0.055359712171578535,-0.1486745999959903
450,0.13510229204328383,-0.0029521210289977368,0.18351725406522484,-0.09455931052869317
451,-0.04335159482658876,-0.07416352224306985,0.13333949883736856,0.12206221327330344
452,0.006115979286813812,0.34851337636836077,0.04956048959462145,-0.159913868845567
453,0.0012370861935472573,0.1625549267358877,-0.1343741860456369,0.08854721133489113
454,-0.10945046491033349,0.04150370413718653,-0.09666916323242333,-0.018222832209337583
455,-0.0887071322788539,0.09834060816611377,-0.12953098724804346,-0.00046833010884978973
456,-0.02933606338463503,-0.192901154224601,0.024270014841044154,0.2215648353589919
457,-0.16918816369945847,0.16155792370199887,-0.035218713328003366,0.02446433519582393
458,0.1035980518662804,0.06427881264194815,0.18090227896714264,-0.24907458716945738
459,0.04767283667245297,-0.07975494141709524,0.1895961498841907,0.028324937459338468
460,-0.09733913867542415,0.126911435048141,-0.004611295881530683,0.027886962967861105
461,0.0942520226967008,-0.06118125358024666,-0.004900345257887878,0.10377535736578558
462,0.03913658416579759,-0.07043000388989304,-0.03938441028013484,0.0227296502768033
463,-0.0550565768746686,0.03170776846184611,-0.0576029084031396,-0.008404677369137532
464,-0.07659169560090108,0.1541799927456325,-0.03708659940695082,0.1439532624993317
465,0.002001659301688184,0.10982852924979083,-0.13931393129969394,-0.06232646273623882
466,0.05652220020459423,0.012753334713358946,0.05789723295031218,0.08586649339602938
467,-0.14391625609561978,-0.04696290491880398,-0.13299375032190963,-0.18182495651617714
468,-0.10157517238331067,0.20865698301535376,0.043932284032844486,-0.013007275356404377
469,-0.1339507254156865,0.08276120583933322,0.008838785324933832,-0.1208545981825736
470,0.12615500122894613,-0.01574997446153451,0.0787556463673917,-0.012881040925340159
471,0.06324085522576996,0.02819559376183922,0.06111275043570435,0.0037373822137885537
472,0.027382209711843988,0.10500790527478118,-0.07614546689544888,-0.049967725288274145
473,0.024300643219687543,0.03296005921333295,0.0072216174346964885,-0.1579426599979995
474,0.010261286904982127,0.031424614980881053,0.1060932475072561,0.044284350347104026
475,0.19258469520689403,0.02252556439492192,-0.0005791920284896751,0.023799798211611288
476,-0.06824402456703432,0.036695367058747555,-0.09761315065643186,-0.08030121156570348
477,-0.13274431897775305,0.03878530809138937,-0.0524616568668788,0.10460406517319171
478,0.07182846006782477,0.06908193170421967,0.0682479142371537,0.13805677823508755
479,0.07863994562630636,-0.20127433629533373,0.096226752607844,0.1920534149706476
480,-0.11553054481115975,-0.05523701415540684,-0.06772112039353362,-0.06973153356360395
481,0.01059623358201348,0.11132171281933162,0.06884264981048742,-0.03474855328945099
482,0.08465844038726004,0.04043316346530931,0.05423027138832624,-0.08834514486724873
483,-0.10515601945805408,0.10156106010459313,-0.14072565290582775,-0.08186212189132401
484,-0.04542820803629583,-0.03867222020167761,0.03164144278573492,-0.09779908038725307
485,0.11417089445136086,0.02240195191813057,0.05673050025517652,-0.013524404491560992
486,-0.08272521688925787,0.05817781202253007,-0.07081590037093853,0.028650088512978438
487,-0.09753929319147853,-0.01302443698171692,-0.009405423417407015,0.03930741186391274
488,0.15024830588838523,0.015291957047323688,-0.05288693686117013,-0.0092450688743945
489,-0.10097621750939129,0.0576755034814702,-0.07698778812035521,-0.132481984678006
490,0.07351225646649541,0.018253300253966067,-0.16029808646179217,0.09302258104183135
491,0.10399862553248014,0.10684784489032806,0.021971984780170137,-0.03337472719956988
492,-0.0780113927774665,-0.06466981655351689,-0.03470911140426695,0.015020597375807854
493,-0.1077397424431311,0.08844704039486033,-0.11032713972860018,-0.09360435899185421
494,0.020561641018428226,-0.1045686855100994,-0.06792936507903312,0.005997754717586623
495,-0.11924042440671996,0.10435867888750927,0.012855436308718937,-0.09205742406768942
496,-0.018354840921488397,-0.014207306513504946,0.06706690299291085,-0.0328627478331288
497,0.03137764132975645,0.06094997519653786,0.10896836538439683,-0.11040741355302008
498,-0.15509578214605757,-0.10545010569507339,-0.07274799983047307,0.2395654329432015
499,0.10819351846200656,-0.18125452776070677,0.22754549268323382,-0.06821367327817482
500,-0.0792798145146918,-0.006624276464040561,-0.12638339659924375,0.04115315714338635
501,0.11985512976912985,0.09318537684676771,0.0799718663032502,0.024281585573726734
502,-0.24974678345665224,0.01694338657085211,-0.19773725900042155,-0.15327380637967083
503,0.06683708676166086,-0.059831376555230485,0.03535214649634865,0.027270800769418235
504,-0.0645467149134584,0.11786397566381486,-0.10573776168435048,0.1098009225049515
505,-0.06286153627351787,-0.057163269482231986,-0.1026868681361732,0.06621464317260936
506,-0.03548542765173576,0.03558268010671203,0.0357139678381109,-0.25243159003361576
507,0.11714393365524822,0.09150940727161352,0.25183075512759917,-0.1782137713770551
508,0.07115136970263355,-0.08335722926508823,0.15574296769588813,0.08005958099341323
509,0.09019713367194958,0.020119669046173343,0.0649854645696403,-0.1447238023134725
510,0.02215944189891718,-0.07982099936803695,-0.026389598932471826,0.11382458623442351
511,-0.06760271209647202,-0.05469193349655406,0.02837960664581248,-0.0007949217607794747
512,-0.13052581455083595,-0.0823275292898859,-0.14086516722974696,0.05596564243518717
513,0.15854544595237072,-0.07731981184564107,0.08776203168871537,0.18874197984244825
514,-0.0003224242485133606,-0.00837185522892615,-0.14927242949628264,0.0023901638423266675
515,-0.21920069986076066,0.05986679748124973,-0.18755323478648966,0.07476854012853602
516,0.12537318673205988,0.13835063672646225,0.0032838977776357,0.010601386972473183
517,-0.018200772422770524,0.15534031263495413,0.034584189230500266,-0.09550674740142222
518,-0.1549124990161741,0.13087032993631104,-0.17254296729816496,-0.1629470218706534
519,0.017508559630401235,0.012355640161169228,0.06929744399813664,-0.009896654902599061
520,0.0007486745509602233,-0.07028794281551985,0.0015953411181956006,0.1934111998862722
521,-0.037439370252972025,-0.000927916429666836,-0.13829684810546614,0.06741752382893929
522,0.05485292317211571,0.027312128620573087,-0.15649709492443972,-0.07898653339504355
523,0.11705630616143421,0.005021581226861759,-0.12029944927717268,-0.01726715111182547
524,0.1389021384661417,-0.09672182192162752,0.1190109075662639,-0.009834863148481587
525,0.059078659894280794,-0.14917307853346692,0.1446281820502615,0.08430279130089531
526,0.1302227630727956,-0.035142168629747235,0.13594637769434242,-0.2206636773256271
527,0.004120932273464769,-0.05363185341186349,-0.19277547490898803,0.05403067573972606
528,0.028979852696920622,-0.06252207230129606,0.051923718060858715,-0.016151534160003575
529,0.0022393718198582303,-0.012087488768663451,-0.06579507760111905,-0.03981858273736739
530,-0.10938558748128197,0.0033628845934963736,-0.0796338208523465,0.11075377895340038
531,-0.1262431310667058,-0.1406322497028271,0.010398588944917297,0.10922801017664474
532,-0.07995527647311189,0.03920983882447407,0.05227510078812139,-0.013547939539200343
533,-0.06123797602947223,0.09629737937762388,0.06344914462146206,-0.15179045940222569
534,-0.0032234635584519862,0.0221494960569596,-0.135213234802996,0.0021666623968057148
535,-0.04696331476726348,0.07608756753224868,-0.17718021803072245,-0.01865430446186956
536,0.03752766222085036,-0.09682629358245602,0.12057217280754666,-0.06531366542808427
537,-0.0983578522718157,-0.04148891547859626,-0.03456036214028054,-0.08496302022016354
538,0.06443343782455493,-0.09123667554533543,0.02721680189724414,0.03670091674099639
539,0.1080223265590779,-0.06807523682882274,0.29787070858462306,0.2482272638138271
540,0.10674543894656872,0.02066343461088367,0.049933183144712005,0.019466479773998634
541,0.04354251119015343,0.23817106165787344,0.08363665473287027,-0.0028859259119775604
542,0.04856079097672761,0.1372325263808537,-0.11449312671627683,0.03208102972912494
543,-0.15609825524192072,0.07711119942737751,-0.1288928204978026,0.155612638217002
544,-0.029993420605339063,-0.227059608353116,-0.01908653777697594,0.1980920135430408
545,-0.13062226578657113,-0.010253419250932632,0.11762039154978925,-0.07737411166945508
546,0.0025574048974140104,-0.19061634215830797,-0.1112186897608621,0.053160800885156775
547,0.005514233723176231,-0.14906918256543802,0.04529999830407636,-0.12882062618870394
548,-0.05577465955477373,0.026854200761239632,-0.03412843554967127,-0.06865742947836834
549,0.13345664076678823,-0.15030972166613688,0.06355242547638656,0.10572041841841914
550,-0.09088655390950573,-0.004078378049194524,-0.20991743197124726,-0.0438720295080043
551,0.060392779255777955,0.05649965879032194,0.28439981634357825,-0.17040326168231257
552,-0.1370579300773327,0.230732293556642,0.0020701967991521714,0.00338146063836596
553,-0.055399235765376836,-0.14177338905423184,-0.19644412992078714,0.05314545409763739
554,-0.11369523042337729,-0.16121651322239955,0.14766681188116887,0.05635100148438502
555,-0.07464881384352687,0.14746378675800773,-0.0780914233237682,0.04369706643642711
556,0.0786188038713382,-0.08347825734004528,-0.11463061575674705,-0.010936919484614456
557,0.027461318432820903,0.33472253981972705,-0.11878954501204408,-0.04157564659438745
558,-0.06602148421569048,-0.09790781461012656,-0.07810747541658544,0.1022573279274066
559,0.07396715683353505,0.08259726257261804,0.17755486296040893,-0.40432653893104314
560,0.06049478573767528,-0.07682365506103506,0.1646626959260069,-0.007572517664097021
561,0.22497375344642068,0.073358623509815,0.31492595607228313,-0.12024636705721228
562,0.05566730645351847,0.13266994766985843,-0.0030523092773150837,0.03181630655616036
563,0.011657649423388438,0.06858970886654807,0.10459238255914181,0.10401738317180752
564,-0.12968859405416552,0.1895231089538459,0.17798901155648142,-0.26989264439522953
565,-0.05888265419217129,-0.06170789639951097,-0.053161004451335744,0.045663494474515356
566,-0.17872568771619646,-0.08681871657638798,-0.12996881578664266,-0.06528007241749768
567,-0.10407990213826031,0.22627110418489785,-0.11060614154228948,0.05300404713593772
568,0.003443673541052758,0.09116357064253933,-0.0032696627443757524,-0.10104059315035303
569,0.02468323092647622,0.1460586271133429,-0.03884688462785366,-0.014437104257785618
570,-0.0054827218721426995,-0.1405112653477425,0.02410741868953869,0.00853356060004632
571,-0.14101301173633515,0.04409662883753366,0.030914867470141952,0.13254560844048507
572,0.20058396374165863,-0.05389761489980684,0.03751996141030521,0.11837164279351856
573,-0.1262897826374579,-0.23490503428278445,0.03396357194679403,0.17618312043846573
574,0.08699687812168849,0.18362984024788287,0.07759847948346627,-0.1601197049226037
575,0.0537217522176217,0.08255650692880845,0.043224434694712564,0.10364623251968187
576,-0.028749881841979925,-0.0017058845237003708,0.005213621086074597,-0.06414427750187869
577,0.01154771775702613,-0.07453622953424001,0.011640583112218439,-3.5860975807253115e-05
578,0.03988050186983476,0.01635042683281105,-0.017184180219570133,0.06808142294021613
579,0.03125870989592006,0.012011836543910089,0.08001667249090538,-0.08368856368447145
580,0.1281337273732148,0.015458540487591276,0.05693365287162824,-0.11998104854892261
581,0.05774914310516658,0.007483315556222862,-0.19360710907640144,0.17104644127057467
582,-0.05438810422914491,-0.03796838203066841,-0.18835920419050267,0.08205703641259486
583,0.012815826281247212,0.13234261018147714,0.008266298057132648,0.11891248969787552
584,-0.12736228272036537,0.16279937827799287,0.08654449937214775,0.007273922732535049
585,0.1290527699123494,-0.17402062106609115,0.18878425006577024,0.027444865664987845
586,0.020858270323092593,-0.13077277283227054,-0.053496158538248066,0.0598743508725968
587,0.19244381224130028,-0.051412214455747215,0.15440574601813023,0.007053865940650635
588,0.08499135052635298,0.22059054144163195,-0.10125984668058925,-0.1724490877905091
589,-0.10687222840378803,0.22770168903550606,-0.06368141323538794,-0.19855820059537616
590,-0.09357462427797951,-0.08949290131934762,0.20532564073902476,0.2318843865212167
591,-0.056185341734327016,-0.12242049365412623,-0.0015079174218112015,0.14573034176740032
592,-0.12795603638549366,0.017752943914726007,-0.028175891041752006,0.19740181238627016
593,-0.06780707894240798,-0.004723769695688837,0.015366778122473411,-0.024206867868843393
594,-0.08531821404167372,-0.1566272299760581,0.0031733213978647618,-0.05625829917358054
595,-0.006994805840204741,0.04647332816907956,0.08408277920081612,-0.010923179770041924
596,-0.10047371666020916,0.13128512857438263,-0.17448720477145932,-0.09468503327558042
597,0.15525418599700488,-0.1300040625729418,-0.245707617450361,0.10279496820367041
598,-0.023876721102891258,-0.0913408725864593,-0.012997252258767416,0.007745897964420146
599,-0.06749291217347332,0.005495128080464483,0.09429780969867,-0.04820926272240046
600,0.04769816103392416,0.00186050090183177,0.3152370111459256,-0.022987136944668078
601,-0.029788381224665046,-0.11656229245996998,0.0026088763066266403,-0.15071695396872908
602,-0.024518466579017222,0.30396024392518917,-0.15135810653543366,-0.1550969549877572
603,-0.014623700798654497,0.03045010517182986,-0.12041519100970435,0.022286517797383925
604,0.036936174773951586,0.03286594076661328,-0.012110585531153704,0.0321819737032373
605,0.10401598379318258,0.02713081796698702,0.058947423238516886,-0.04131657546211599
606,-0.0721087758479264,0.12602645827237705,0.06610159730144416,0.11630109768792468
607,0.09086068377302141,-0.04942519784720345,-0.019830860612577987,0.06113476427667039
608,0.1079990726232699,-0.16593247136298866,0.07293882189623521,0.09257198067895009
609,-0.13591733769263292,-0.15232132318827124,-0.13744388115149617,0.1627335317919218
610,-0.11655052801564394,0.09931087050684603,-0.17917771746304872,0.0932996395028641
611,-0.15485486663052256,0.18155696223900475,0.03792069832331603,-0.22738633073524434
612,0.08335238742314768,-0.1331495490985935,-0.024694172184751548,0.07987850054754626
613,-0.03579225496817485,-0.12180262250471566,0.0258235345671402,-0.24389298712466112
614,0.020985586891763625,0.14043785632069808,0.16017787190185853,-0.04401914328868977
615,0.03145172032587127,-0.07721461775682968,0.15817708448938342,-0.06632756798147733
616,0.08425945643582106,0.1680559295825671,-0.0434744149521365,-0.06987312207244817
617,0.05377945797961824,-0.09406639784370442,-0.11333553625130205,0.19046304855381208
618,-0.11316731671427478,-0.03618453193513712,-0.13935521279068952,0.023073651469307465
619,0.07160008727827182,-0.05818980794658499,0.04705014448672269,0.1311874306381115
620,-0.15886907028485575,-0.12212541981729118,-0.15762177895503193,0.1737782094877015
621,0.08346708481389699,-0.07644582789593427,-0.04477324380950462,0.09985571446655739
622,0.11177241482137071,0.16501356252718763,-0.019247180347614246,-0.02144274722876275
623,-0.05963388421752472,0.043048260960770024,-0.1652632561595352,-0.06774271456675375
624,-0.15168483631382432,-0.012246930121414163,-0.16626162265230737,0.07986040629864569
625,-0.05854899292721545,0.0011171014507926486,-0.03772809665042919,-0.04674899606559733
626,-0.15804623817068764,0.2464161675214579,-0.06061809132810088,-0.21219399363793107
627,0.02905864640496619,0.0047625789643721585,0.053673306111424866,-0.14305673508117472
628,0.08173438236255955,-0.036135580519022416,0.01578011634898458,-0.07109745712531056
629,-0.04785043638863591,0.011082759566823851,-0.07075589129774146,0.05212074642137783
630,-0.003379667836067482,0.05088851669297404,0.05888204731431726,-0.05471024741823999
631,-0.0720932920130799,-0.06893780649474629,-0.12904249069088192,0.10541759196734224
632,-0.08915332860902442,0.031005753340862932,-0.04596771317280617,-0.04102145482033457
633,-0.2588445212124787,-0.14677927144184866,-0.24251155613630954,0.13549529748749392
634,0.020931945096904124,-0.05220858881073564,-0.0727429358361779,-0.08107138800838942
635,0.07713676237141147,-0.0003315335884034494,0.006687018848068153,-0.08761318015695686
636,-0.04868628217910176,-0.07613467258630537,0.0986138734409222,-0.10442883237483566
637,-0.05733573545180425,0.08222205374522067,-0.07568211387072915,0.061822791661574124
638,-0.00452365436002051,-0.07967177642408378,0.060989956243220324,0.09093285328273269
639,-0.018313095527396652,-0.08190407400303928,-0.14564918948639033,0.1863260435317493
640,-0.03760156951839624,-0.11997609914051549,0.1080491886568609,0.10944591508124718
641,-0.024608496643750446,0.024822297206855328,-0.11459979325633426,0.005246862505334321
642,0.07511349103890724,0.07076191774724973,0.17964592431834497,-0.18858119927982941
643,0.07933663629215724,-0.05687442492230785,0.07190924912706803,0.0009315970822010838
644,0.008438028813189431,0.002021557875717803,6.562566831853738e-05,0.10018354712704006
645,-0.013802793136522933,-0.11276484233983936,0.041480751056826526,0.013269515680533275
646,0.06976584785260397,-0.11121224627531792,0.04205945948678772,-0.0735831062575896
647,0.19254297602337378,-0.008675971548849398,0.09305556947536857,-0.0587754889321312
648,0.021422146380604065,-0.007428149144475477,0.03867435862442023,0.09477649701978973
649,-0.02493438486705646,0.040698766694038074,-0.02010601127562954,-0.060570310537348765
650,0.08248675644206405,-0.010178791780009841,-0.12623916135485366,0.003031610902498358
651,0.004492275220889114,0.19740204148733326,-0.006532491325398862,-0.1815753450836856
652,-0.02688663968981815,0.09411443292800752,-0.17644778437102665,0.02152457545303396
653,-0.06364182856511065,-0.035914405498685596,-0.1501548949672792,-0.07931092394852642
654,0.18354855915871687,-0.15196046334131658,0.14685725506373182,0.12896019081123306
655,0.025386838359956188,0.04196656617329029,0.06311344050666952,0.03872158997885597
656,-0.03833244446744558,-0.04689703505351271,-0.0383200302218186,-0.04704055398166977
657,-0.05161756671773853,0.033579058002810365,-0.11775355401174467,0.05891008885046476
658,-0.07766830141402076,0.05455726261369127,-0.21684269121638436,0.04544958368121384
659,0.09635708843734143,-0.08330321893050155,0.08957780688899658,0.24932667854527404
660,-0.0653470264277823,0.11072628795309394,0.03381867821078581,0.05866440581907967
661,0.09909299577573875,0.14378083918766038,-0.03230749486020066,-0.10334432514014304
662,0.08068267093513343,-0.13312691219329054,0.15337978931365925,0.10855283809210764
663,-0.08622701177205352,-0.05610007077763807,-0.04850011321654092,0.03134780420465491
664,0.037069103225768715,-0.08571412431289929,-0.008044221770612502,0.18035333958220795
665,-0.10922773853030661,0.014008334483435296,-0.022880665669996636,-0.19463973593430256
666,0.04521559392186264,0.10868347089047281,0.041969039333107194,-0.007866129418927087
667,0.046866900354457786,0.07397175611232533,0.2932756525325109,-0.21294469130022242
668,-0.238615955671444,-0.05310593814757561,-0.20827665450093485,0.018603988580002822
669,0.08769388561511171,-0.15683040603415813,0.03880290731561474,0.06669823821938269
670,0.12569722171341885,0.21180475986006012,0.0428366556961953,-0.12136943560135677
671,-0.12339380218353235,0.12897919669308763,-0.06548551960926388,-0.03680194914690599
672,-0.053387808938832895,-0.1127453376462821,-0.09807092223511836,0.006629919886938167
673,0.11104731127406518,-0.07425445814847238,-0.13247226175460927,-0.13431841980321102
674,0.18441661784244842,0.02099341187341587,0.19173512325430142,-0.1913518816292697
675,0.15214879847794283,-0.10890474333947295,0.15140214225464022,0.027910244990012725
676,0.12002200147520281,0.031429991967253865,0.1542118570184889,-0.024256281290090966
677,0.028292253425483294,0.01931683595492095,0.0621501745467581,-0.0354293454618898
678,0.1332526453973968,-0.030040223588380186,0.05380981495347896,0.07731031478502286
679,-0.05030235086651339,0.024313925836386027,0.015283309331474076,0.021925246167333948
680,-0.19757872708886445,-0.0015534150629308505,-0.24587840824512042,-0.015841253465485844
681,-0.11296312630979129,-0.05811467263210067,-0.18227085933301532,0.08124524178246084
682,-0.02732903870175726,-0.1776383414757675,-0.05886582005344845,0.09978663902294886
683,-0.021202881706568876,-0.02761405260174528,0.03849435459831854,0.0666031261404931
684,-0.08970654855491952,-0.07874177338201847,-0.10296970288094394,-0.02031344819421549
685,0.08321790706054583,0.013332654168738432,-0.02169666402330319,-0.19329055339384965
686,0.04285214531065201,-0.006902460992223853,0.10397832837826522,0.05670206318963621
687,-0.0054028557898158245,-0.11577825547614777,-0.05422662519439606,0.08344310787575415
688,-0.06013487340216113,0.05640833724303912,-0.09961196409045855,-0.0003239587897556299
689,-0.004237102844919026,0.06109860711727782,-0.04278395130786737,-0.18372535035687176
690,0.03141894108258519,0.012036811921464012,0.10727277350785928,0.03923875244777683
691,0.018321092085594327,0.192009284744629,-0.06396059557793993,0.002824979968240701
692,-0.08398259164073701,0.18911869960185612,0.016057331841042757,-0.17436152975515787
693,0.1194049528348574,-0.05931602772375847,0.16604669700904406,0.1387110826510419
694,-0.08008682806912956,-0.13644964131207984,-0.15006332751177193,-0.027282963347538172
695,0.021826221013820837,-0.259995492646508,-0.014085592372132414,0.013916165787509482
696,-0.16117587947613296,0.10652990200740049,-0.2368470892157682,0.055429954371213105
697,-0.0907511030626507,0.13694299277414382,-0.045109747363206144,-0.07800258376857179
698,-0.07631802333747376,-0.03349889809898894,-0.12873450595544597,0.04053274508345816
699,-0.10798603632391741,0.07401665148933118,-0.11492980327891096,-0.11538126844581467
700,-0.12320551892317333,-0.036483734587986094,-0.0197829225476363,-0.08613668325298975
701,0.06104665140712639,0.049588718629827805,0.012767803691026893,0.0797574392574884
702,-0.03866902198316869,-0.13604496293276078,-0.10401624110662429,0.12048607217670307
703,0.057333241847289974,0.0014050758021704884,0.19013380531905605,0.027012508515207864
704,-0.07027850423986468,-0.056097083554873965,0.017433006989193083,-0.21230194172528016
705,0.07483824918609334,-0.05905498195552607,0.0998967136925408,0.02755492134992022
706,0.06389676841859097,0.20542478903457062,-0.12950140862908652,-0.1334190784861368
707,-0.18591399973874245,-0.20512540141149438,-0.15469446711863075,0.11433345546263483
708,-0.011864078538287547,0.021398778498751592,-0.06751746448358409,-0.09699153093901103
709,0.10809783808774556,0.020843034316348992,0.12449925717903777,0.01831254135641899
710,-0.0937147481924197,-0.15446441086192278,-0.10360089780866716,-0.029185318673454072
711,0.19013171248605135,-0.02545747561567006,0.17068965535941277,-0.072232464580919
712,0.03805717634579951,0.046683669064059366,0.15266490221182616,0.09710924660521744
713,0.06634626941636433,0.025559221395763283,0.1736367515893276,-0.07224922873542916
714,-0.023022490659229282,0.17983842629670185,0.03269598570607411,0.16331757417204057
715,-0.017102017649590125,0.06761521137851974,-0.017818818638997355,-0.04063257310832198
716,-0.0690876836510184,-0.02603706893345426,-0.09483904973626553,0.17631744189896292
717,-0.25171701301856947,0.08482816263951642,-0.22438755695869078,-0.23433272080511353
718,0.05716326569166479,0.13624974000739598,0.0923825541473163,-0.22146571889338723
719,-0.036199148935220575,-0.02946462224117436,0.06926181837358131,-0.05752418873389661
720,0.02886729998780224,-0.1549361775171206,-0.050626641594901,-0.02038427097915986
721,0.011424673630054533,-0.13388785792552035,0.07454761296638805,0.11425928645742922
722,-0.017635365691860746,-0.062437447343462335,0.015371112301088154,0.07554868013000289
723,0.14447653628050713,-0.0847233206184181,0.12949086555303357,-0.0010135223028285116
724,-0.2046128716510321,-0.008837425549102586,-0.3705077222933968,-0.09776194877562361
725,-0.0012491217138891142,-0.056180817046050976,0.09913126454394862,0.07135119476365388
726,-0.0904453315407414,-0.21144680647465558,0.01944416985554978,0.09871804043232224
727,0.02414833313109802,0.050821202151641286,0.1184720729757456,-0.037050362926657227
728,-0.050774981283900227,-0.1472242514292143,-0.06821694416005551,0.1085666406640755
729,0.10814718940007517,0.21874432542318972,0.24829386914079518,-0.02395059528100671
730,-0.16808789133539015,0.10459452764521979,0.07193747317364947,-0.06314529752634071
731,0.05106829900901261,0.06994863826222776,0.0917831695566374,0.12467262336945692
732,0.029859009233777156,-0.019594206015806963,0.06081582308059469,0.11106555339529342
733,0.22150065586278742,-0.12311204654968463,0.21149746621593327,0.05325011432056029
734,-0.26851416798937405,0.05743495236625966,0.018299968144248113,-0.06489177207514374
735,0.018637663801985237,0.03716543376296847,0.033486450310816165,-0.013499343762116544
736,-0.09522118167279194,-0.008321477901189572,-0.11507517835913744,-0.08864110929008476
737,-0.1022663388405104,-0.0964585657229147,-0.053870474446392376,0.08223502389706117
738,-0.05373102370975285,0.03761993086313174,-0.00725792795382179,0.21706434843946668
739,-0.02005729738844604,-0.09795933043057173,-0.022953762270742972,0.21677039644120302
740,0.1779218263237693,0.01179196110310167,-0.05709671716833978,0.10262407579994
741,0.15657225124787433,0.009259535803922907,0.19260996150476817,-0.14354096526179289
742,0.1154341858162582,-0.17467447064390515,-0.16489395361089257,0.20260571620403517
743,0.031808105297205645,0.021498259887876413,0.07066331839084447,-0.12472280862010587
744,-0.0013064683396769546,0.07846577770992116,-0.019156861261466606,-0.053675257505331406
745,-0.13089686159528716,-0.13716788326581678,-0.1527432688385803,0.15440963955480105
746,0.008361261439005067,0.07728015068517664,-0.24805741857790667,-0.24069830088145572
747,-0.2380944415158037,0.14626158313273913,-0.2866422766242631,-0.16957103113287345
748,-0.03706156936292138,-0.1078996801318416,-0.01750986923172319,-0.09506180392179844
749,-0.01013648506546363,-0.15593131736560797,-0.0321315490706797,0.040911445819285686
750,0.11399394370239604,-0.23575322494507797,0.06088132518906046,0.2260554468103436
751,-0.02765128289004176,-0.08706956400629459,-0.2045080985896852,-0.16339496994982705
752,0.15429085064994114,-0.17273937513282112,0.057199982763720784,0.06456117133608023
753,-0.07853758680339104,0.09425100222804528,-0.058400097987937966,-0.16288152770821404
754,0.026671948891608423,-0.020840392111574298,-0.010149248381298277,0.043697259198461506
755,0.029328012227137143,0.15429562051863477,0.11519302068549835,0.007352567046123401
756,0.07270200611556016,-0.00592774074631707,-0.21016963857474302,0.12242487127274423
757,-0.1933191441527654,0.1784235641854862,-0.0006131418961262125,0.02332782584871268
758,-0.01609175509460529,-0.07227581907334836,-0.04305985653952833,0.17973645567486973
759,-0.004152831168771405,-0.010617488340899244,0.04706135393595439,-0.03867217737881415
760,-0.10777282139322873,-0.008144862015589206,-0.10602579484185605,-0.16708612989763771
761,-0.08536280082712118,0.2768801560266423,-0.11415176275196068,-0.19379598140660886
762,-0.08247641633366451,0.0677072467720012,-0.02888603896052311,0.0120474184118037
763,-0.12692333653052768,0.07317498068544884,0.0878798666609501,-0.18043305497631407
764,-0.12353298613935203,0.13090395985436937,-0.054095876569155134,-0.10792133189062061
765,0.06341978968549389,0.03494069161859824,-0.10078535844422506,0.11726461234309334
766,-0.016631645464842963,0.1416533210382484,0.08381761799026301,-0.04268691367125875
767,0.2603316517515714,0.003260008284632715,0.13247935625808663,-0.13481121512357552
768,-0.14233699105627343,0.03287938083348532,-0.16742985739093108,-0.009561435587393873
769,0.013453426242627149,0.00948044606292229,-0.12797167579050037,-0.012609913464054507
770,-0.03207430702033764,0.046391196237129284,-0.09753539636886754,0.03164357063924597
771,-0.13180459663710728,0.024379010713758698,-0.15949557762822753,0.025680373876136326
772,0.01904384134077159,0.11754792104349523,0.1529236752280597,0.003533877239161237
773,0.004924578501094315,-0.08000083901967497,-0.1034978355047523,0.18396471118616675
774,0.07170762628139096,-0.11827982131014293,0.11002504180784739,0.0031167228487946896
775,-0.019435626375693005,-0.14816285327148668,0.04551102515523609,0.0819530216316473
776,-0.005912806355608673,-0.17322369644060778,-0.01522565345601015,0.15740856654242336
777,0.06293721634106872,0.017834923678830508,0.1290120498549765,-0.18094811365704228
778,-0.12169161477381357,-0.018739376724419932,0.015082228317677485,-0.07062882488406302
779,-0.08798099365664468,-0.08603859110517759,-0.13581543333081536,0.0911851884376112
780,-0.1338721764291497,-0.03369939796079102,0.029923283877809542,0.05776688387099523
781,0.12472975450657836,0.1020674558425858,0.030328871003782613,-0.17034769966157928
782,0.07907289053479238,-0.06918538801667536,-0.010917231805744276,-0.0777378256869557
783,-0.02846725802663441,-0.10689697041693658,0.2987191449161684,0.09826971305200674
784,0.05365752495608739,0.020696317874891394,-0.032366207511849834,0.05345101567068507
785,0.04687515682832887,0.054083508137817565,0.017109000617151295,-0.14580113540336023
786,0.011620607228708382,0.02207446552094823,0.13181045541320952,0.04454960660000308
787,-0.06709539260356419,-0.054443291826201536,-0.0664832151342484,0.16441353220128613
788,0.01063880953214604,0.02396921754432085,-0.1953574001912539,0.014791972447672747
789,0.05338096718440554,0.054715163105305484,0.022377908406368576,-0.20363427452456337
790,-0.0845404580713021,0.09702116791607387,-0.1288046598529059,0.0025878169212346196
791,0.008820200169433697,-0.030039762730497913,-0.007609525279989487,0.09444494126601637
792,0.17327062074840127,-0.14719401702584295,-0.05207871931660475,-0.06502710956557947
793,0.030529155297820743,-0.0066586659762001045,-0.08976445489719145,0.0595214302501172
794,0.03381291454118269,-0.06504064751553054,-0.048518998975382824,0.09749437723687096
795,0.10478762764528034,-0.06666901896324282,0.07582856196650935,-0.13008552720339273
796,-0.013954169304831366,0.07330334357905419,0.11329940757114368,-0.20155350478403908
797,0.16886529697847077,-0.10104093292801222,0.007619211561978562,0.08544664453330245
798,-0.10968204940408602,0.06313277617334082,0.009539576388023545,-0.022656745824764346
799,0.1383793536682436,0.21101140050700296,-0.13446776913126346,-0.1374829533521678
800,-0.21616995448730314,-0.011468594127323796,-0.15804482026635963,0.009426591482824192
801,-0.061522206956960236,0.0212628678011682,0.03279110825482332,-0.04947129238658952
802,-0.07614828267787241,-0.0266789950542606,-0.17400471530597272,-0.11971221168226555
803,-0.06752003196442842,-0.08481846241218349,0.04041430726999518,-0.03120606549652783
804,0.051278520299389424,-0.0038954535856463085,-0.003132589554981375,0.039980334708208796
805,0.07639568116515706,0.005466316060948431,0.2576629430225878,-0.1118479299299577
806,0.10675804499472022,0.021901541867867566,-0.045361628528124684,0.15225320416782706
807,0.03214851861349351,0.011754071071681877,0.06813796746187367,-0.10797135429885522
808,-0.05440385977662121,0.037348501288624256,-0.0594970998511582,-0.05063032324582371
809,0.08282896554939168,-0.014759296710159043,0.03681716032496518,-0.049619698708512947
810,-0.024793201973588593,-0.20427389775193874,-0.12587077975305985,0.15698921437946448
811,-0.035314970977151215,0.15199778141788164,-0.2352843175011801,0.02602905401926373
812,-0.14996587408228276,0.04665073705588475,-0.1501591013068742,0.02058581293567748
813,0.1832781728556691,-0.06243602271373198,0.023023777167169066,0.11121946504441496
814,-0.22082426083958717,-0.05922372594834779,-0.0992295604807592,0.030079361912842297
815,-0.11437209857521109,0.1496515101126027,0.06451546607086864,-0.24572699482499888
816,0.12009718773709221,-0.11311545139312779,0.14122103211661868,-0.11880922793246251
817,-0.09580552355702476,-0.0007130385187885876,-0.12398811869163709,0.060807584752779156
818,0.13630046599591747,-0.13998013898882117,0.20860324710838407,0.03938371020361654
819,0.08642516795115812,-0.07914542170057165,0.333986290869132,-0.030072206478227153
820,-0.051322932729637255,-0.12451298788894564,-0.2528294362771925,0.05877116628926682
821,-0.12237211536891726,-0.06438415999722162,-0.1990417216474918,-0.038048013435596606
822,-0.11379364798243918,-0.015581459283982142,0.0001294589077711905,0.07995897907114626
823,-0.1370863326171203,-0.04592160021414389,-0.025836076791792263,0.028054694538298088
824,-0.04989945461023732,-0.10181847936153167,-0.07725164540741049,0.027237987514816778
825,0.049996287938036586,-0.1870441412231702,0.10669933007597332,0.12037637292207075
826,-0.18753446883168964,-0.13860011793182986,-0.1304576203546333,0.025887002826761187
827,-0.05899549227232436,-0.016698103029267067,-0.14758099612338557,0.27457675830128697
828,-0.007760962248896393,-0.13913700442320304,0.12969835097549878,-0.05282487022560542
829,-0.21205365284207406,-0.00179595212107133,0.03625636636598312,0.07408806027144316
830,-0.12586002497263235,-0.022382436798373262,-0.27470675905723496,0.17271112662775706
831,-0.128120278782197,-0.05457067044134141,-0.12887480516001928,-0.03833570679899811
832,0.11718284672603652,-0.15652054066334406,0.1308499205923997,0.08471731621610187
833,0.08842152724111231,-0.02651507853867916,-0.06521949877753935,0.10275389952285462
834,-0.05959250868922518,0.17785889110359415,0.023551231096290842,-0.149973256606817
835,0.0668753946062925,-0.04530557692454776,0.04638493820418965,-0.016481585111468394
836,-0.19275815964217077,-0.039396341517964825,-0.050567891328340595,0.0752846928247428
837,0.011808477881472561,0.1295190118631146,0.11190921835776238,-0.00897459103629597
838,-0.02491225222694827,0.10466911792810656,-0.31419832546142457,-0.03654807955037845
839,0.0244166454010205,0.00996871575302205,0.06082347486058918,0.0281455550059899
840,-0.009959052350694692,0.08715417591577916,-0.03380965886890111,-0.00835002825938817
841,-0.07756370553079256,0.02150583451113207,-0.08658680183757296,0.032625811215667204
842,0.04833675774089591,-0.06835085990534465,-0.15349334426151032,-0.08860196899300324
843,-0.08041043932488802,0.1301541109976664,-0.03928284115017345,-0.0433787215876075
844,0.21005467333404498,-0.08234324612103167,0.09514264538568444,-0.01212287326800219
845,-0.08814730419885175,0.04682154308439391,-0.19436975654278066,-0.052723705453477404
846,0.3006312535369469,-0.12271846179925225,0.12780091747597613,0.03730761594526937
847,0.07395517926448725,-0.031770998630436614,-0.1307917149454113,-0.04915358676080289
848,0.03316713002584089,0.1492799421739043,0.08255359493572272,0.11169147912706258
849,0.07446474074091784,0.3036486590294927,0.14245001619845532,-0.1339760956877335
850,0.031303748705286044,-0.08997817480398049,-0.04804232434206867,-0.08215161112448145
851,-0.03947635153651427,0.06624020419755564,-0.03848049959386314,0.041573830819018685
852,-0.05515683073318777,-0.06506814283819728,0.06489115898280326,-0.08552729045400471
853,0.0713383500937695,0.03448125903334823,0.05613070636917544,-0.06323876918545998
854,0.11955966073215307,-0.08507324458803375,-0.0013564040889329776,-0.023700313068748778
855,-0.03120909188051796,0.08255861813824604,0.09013560011316342,0.047351097411721166
856,0.11790544384254414,0.154974521061475,0.14821558125269357,-0.03161768469976146
857,0.07213347126229351,0.15007254682131124,0.04021587421655138,-0.06868981319551216
858,-0.013832137618058779,0.05097989121460655,0.2395267466319225,-0.23213299309303326
859,-0.03391216586524404,0.05923676721388147,0.1958927159481396,-0.1323747670239288
860,0.054526751094193575,-0.11545789622743251,0.004018851427681755,-0.07492479052977356
861,-0.015086252087028471,-0.06345477054287031,-0.07782853195972828,0.10590000659186818
862,0.059499332982041755,0.07721220367150274,0.11298594813954935,-0.06923677726083016
863,0.000284922841945542,-0.12636320700067424,-0.012442214260672171,-0.012284660771450656
864,0.03256061683224556,0.09826597925726582,-0.014071584528056194,-0.2134401153094944
865,0.0610656049784287,-0.0691833314361279,0.0978002091198541,0.013010160271297627
866,0.2313219850722853,0.12249333150377206,-0.018938529675447485,-0.048896891138214965
867,-0.0671635082972725,-0.0864203012400418,-0.10120462342709483,0.06348898250984339
868,0.07868622378970958,-0.26133411608205964,0.10475954010837621,0.2490503104270983
869,0.03668053366189818,0.013030216261041682,0.1391906908877723,-0.10665222531308374
870,-0.058304477758060906,0.011015081972011268,-0.08611623886778551,-0.08224032211596179
871,-0.1655018526231269,0.18938495535716876,0.07237319650944202,-0.1245512417738745
872,-0.07402555016430644,-0.009825306187203056,-0.07881620794529917,0.07076004407107718
873,-0.03580041600761511,0.08035301436243329,0.004380290100060472,-0.2243122999430008
874,-0.003608373536597992,0.00681887221319122,-0.026454750848082572,-0.11860237430616269
875,0.002450689828691914,0.06459793770278173,0.07396883702455147,-0.052592259432987974
876,0.03577417135964128,0.09144545115042718,0.067718666396507,-0.06805088100036241
877,-0.04246269759985161,0.0855113009458278,0.06371513365937667,-0.21218722623194008
878,0.007869038707948197,0.00785725027026823,0.22520846824906485,-0.03128364835158816
879,0.10608660289991759,-0.041838486689884255,0.02235527099519808,-0.04512976925817455
880,0.06351445401758253,-0.15588583127214414,0.047107943012135105,-0.041025671905986355
881,0.13897100316807234,0.06147223376848525,0.13032875052410361,-0.16051470489445463
882,0.11335450047691922,-0.08473213186755317,0.00916712501748368,-0.04249604631231861
883,-0.020582443295211403,0.09931333530038482,0.05488266564585802,-0.14744961548770527
884,-0.06100346146871071,0.15182040156306942,0.01986725730851239,-0.19556763298102614
885,0.03784266202611615,0.04914845441047516,-0.12648010496872927,-0.015119524935572755
886,-0.06998345589667347,0.07585022253715061,-0.016313258842916192,0.07193741042136412
887,0.04759704405835119,-0.10120824980850651,-0.16843888655135827,0.0042596647314339445
888,-0.04535441842148838,-0.03901439102278989,0.04466263119043773,0.05741198573463882
889,-0.11535151095530943,0.0774750612752492,-0.11474831810455437,-0.09906603864271446
890,-0.049898604188661794,-0.09656247079906433,-0.0931515709188647,0.0064844422298711915
891,-0.049663507969928515,0.10197879653662256,0.04446767197555566,-0.0071953997664864836
892,0.13757426931288771,0.008342854822256728,0.02283323712007715,-0.15797909866910947
893,-0.10641738365894803,0.13424290051283955,-0.20773058105061287,0.0014924133805840102
894,0.13564780858897085,-0.1503229514753542,0.23191537987342753,-0.053137634963600924
895,0.05272243165064692,-0.2726404507563569,0.12008785037653197,0.08595144797186247
896,0.08891458049412682,0.1092227469197905,-0.052765576495612664,0.15037031836654588
897,-0.09508612251751913,-0.047917607663282125,-0.13582433715083633,0.13245109765750798
898,0.08258177457436083,-0.017038943995984015,0.049505020996580405,-0.04548572173802457
899,0.04794613138648264,-0.034744892616694195,0.05194262335506295,0.08048815877014648
900,0.09871305803388855,0.009803074067016505,0.06331127161324547,-0.1650933985631659
901,-0.04810879436410184,0.003360670426387209,-0.022935442356789862,-0.07815598485830996
902,0.10119269610002675,-0.07668455170627557,0.007370967657623496,0.13399523601081761
903,-0.025224461728596194,-0.1636618114996449,-0.035317242593921556,0.12261065115650911
904,0.03763963299360082,-0.0212097828423685,0.0012172344839610563,-0.14311842750415943
905,0.05043636450642987,-0.09925544238091205,-0.02333035424355477,0.1290609586853165
906,0.02125683114397311,0.12589659747521548,-0.04830776611355869,-0.031173927683873122
907,0.10678305508122848,0.05249528621115151,0.26975090892222175,-0.03639727124254698
908,-0.04842406775873154,-0.07530273761328864,-0.031716691530635485,-0.0014262046136660766
909,-0.09670765408531218,0.09251204202550718,0.0029115822217291587,0.01633507825376017
910,0.07334974697106565,0.017413794017123806,0.032363253113806084,-0.06933391957899741
911,-0.02475899758391786,-0.019817888833763377,-0.04396952257997874,-0.14741957494450825
912,-0.022415241374172445,0.07741131786126099,0.00964773676260979,0.036846755899040434
913,0.1490187645901714,-0.038816574091530776,0.19018535503435507,0.019448569680646666
914,0.08264804447641877,-0.07558563463452579,-0.021218880306718528,0.09038636669173113
915,0.1816119188558183,0.17919777651589586,0.1677476798982674,-0.11310084792852106
916,0.06383875474951888,0.052502413460553427,-0.007929051829033182,0.0458897327765716
917,0.06078509478123981,-0.059180067848714615,-0.062497891290416066,-0.026442643720579785
918,-0.14699224159926202,-0.28098719317025594,-0.10353873431983217,0.024100802591698098
919,-0.09169684868737928,0.05892111377743375,-0.15615011700876275,0.11941451984657613
920,0.1506327502623269,-0.013156893876892551,0.14637523736566319,0.06206367147769869
921,0.013915160886994205,-0.08534267491768562,0.10202069242350822,0.06713445281499333
922,-0.043448739115390274,-0.04844020027138968,-0.02952892998358445,-0.13323830780944007
923,-0.11020495419844133,0.3641486130277592,-0.03433292289350454,-0.2703543508453007
924,-0.09550895801386111,0.10771733332396233,-0.08452939980798019,0.041975762874127395
925,0.15964877748511316,0.017102780253473168,-0.005742395715433141,0.03823103863472078
926,0.028932663170820633,0.15103941973270674,0.2105896350630467,-0.017088525399738416
927,0.011411760052935156,-0.22480053909885733,-0.22067343338742745,-0.01736034906458006
928,0.003046658711211542,-0.05134099565407983,0.0377788286213238,-0.043375329829722184
929,-0.16170133621442756,-0.008588971627019465,-0.22902102779353994,-0.04130654916026972
930,0.18211026167194944,-0.11034392292825831,0.1859334501290617,0.17183798079801252
931,-0.0004947464493256672,0.036505979656998144,0.05289434182697787,-0.0726048373848421
932,-0.013329595963227912,0.06476123288546931,-0.08104628684428421,0.008792933005305507
933,-0.028145037155491315,-0.01523730849528862,-0.02711469935325464,-0.08660535317619829
934,0.04171182587498978,0.028956230495590977,0.12553596987992377,-0.01088792178579926
935,0.03654282543523401,0.08290325088391451,-0.03900856716318472,-0.06902982184680778
936,0.038362657569650904,-0.08586976572964504,0.10157115950292127,0.2634522625260728
937,0.006856987972104155,-0.008478026943237384,-0.013543169790280883,0.10400882713759803
938,-0.018285737126336393,0.03618033264214191,0.12659372843257335,0.0026137937099957945
939,-0.09546143502869558,0.13200909369210775,-0.0736149664671216,-0.14546863952202202
940,0.10598759594718542,-0.005505332497995648,-0.05968955161067937,0.010709804356539714
941,0.16425034687902298,-0.021425273235628504,0.015662591049139724,-0.08688607241978355
942,-0.0848222959894363,-0.003403596928666288,-0.054450214652625825,0.0476913115891429
943,0.11765433281103013,0.13185075116523282,0.10313763959934609,0.054249078219909305
944,0.16793567556018502,0.053192372804903486,0.0711873714334379,0.026445524180443644
945,-0.0016136145409768087,0.018778235752090595,-0.059201299900323204,0.11277655469996105
946,-0.09253402540752151,0.10003777556734385,-0.0458639564095418,0.06272884338032361
947,-0.06318858222860943,0.16628210299067286,-0.11340818504365646,-0.06433955887246957
948,0.11133020329823294,-0.05168646886171148,0.18435641700028016,-0.038706259219052276
949,0.09213842758481486,0.08575572050026559,0.2216382615623929,-0.010666860910395204
950,0.21185983509317108,0.07302739427509587,0.10017104106913914,-0.23498250895774142
951,-0.021649225761570356,0.005148158775604941,0.14492099021641158,0.06296429230228157
952,-0.1739676338845286,0.045037807936355666,-0.0523407087711154,-0.06044802942464174
953,0.11319681640597806,0.12842001809002954,-0.015336472794421269,-0.1296826188471905
954,-0.10379925458406472,0.01385291196819888,0.03496084573551304,0.16473379242635344
955,-0.008146914805923444,0.11209103454013279,-0.04727653619587979,-0.047754200585369076
956,-0.04237142984060784,0.023877227666508738,-0.29628380035271107,-0.0632459205838968
957,-0.04791963104510824,0.031085937178552493,-0.049018424647367734,-0.18660404480218304
958,0.061896478418816604,0.07822035355516388,-0.01985144919210728,-0.194983821202221
959,0.1347332037268013,-0.18338088846622147,0.15900794715068994,0.08844331487672587
960,0.030622376072482152,0.05121580531723434,-0.11544402429234765,0.007392961674919209
961,-0.12381288245820495,0.013831653249066739,-0.18660842645277603,-0.13802107245328812
962,0.03723340353091571,-0.10110232245201245,0.09475050243492775,-0.12483976821566407
963,0.036635169083936464,-0.17090551521648017,0.1132681376063106,-0.13852260831660188
964,-0.13420121660482875,-0.0481995340760802,-0.14881376572686453,0.19258499380732497
965,0.06434134325648416,-0.0328958557829065,0.13945012417139435,0.025564996676119896
966,0.007712599089477815,0.10178787237932646,-0.15742898441271444,0.04101721981232666
967,-0.078341210037385,0.07522871284043114,-0.10295683290059479,0.12444320043464137
968,-0.02038195152397171,0.043692628618980406,-0.09052780361132957,-0.04023947716049846
969,-0.018267604532748442,-0.050967520365819814,-0.14971883805309774,-0.0047622301733755285
970,-0.10291513696862908,-0.013063634333873482,-0.014858597416136675,0.0766941608533911
971,0.025221169440835495,-0.08837144299970728,-0.13694596622523864,-0.033560981890233405
972,0.07234786543575636,0.09255242247650561,-0.04154351160206862,0.00886921777955093
973,-0.0806346489847085,-0.0866102285639748,-0.0725810541647382,-0.10138016169299127
974,-0.048073001305771426,0.11879966920243025,0.006644251742231568,-0.1385065252076125
975,-0.12630218001081026,-0.01047190325469238,0.07632411378383477,0.0722074404040415
976,-0.06645159003713118,0.12125031038570905,-0.016039762351933537,-0.06787609599993749
977,0.06084095898779145,-0.16990926985186175,-0.029134138143731912,0.13049525400230816
978,0.18551349645065565,0.04746023614369006,0.07180792816351718,0.000999822111305556
979,-0.26331601129972587,0.056540297323252525,-0.16195752243434278,-0.12605112884384784
980,0.04625654812344394,0.007922170985251002,0.07261639476854999,-0.01510723362442274
981,-0.17777647476703873,0.07444960789028883,-0.09884775404787255,-0.006439796999492563
982,-0.06336552927187158,-0.06015933087503523,-0.05564296819807978,0.08679817983286706
983,-0.14927198769934596,-0.029811344064508284,0.0730479975987253,0.14968648467288645
984,-0.0074078662665612045,0.049892128805756095,-0.05132638755437093,-0.021527657978613376
985,-0.10142655847526834,0.023962357749402596,0.19118999344512577,-0.1623182180963946
986,0.13690672353679367,-0.035596882294390286,0.0564189581880354,0.014314383334605888
987,0.0752266593646917,0.09635539397930058,-0.14108190973986545,0.12631013656178694
988,-0.04636671414404924,0.02084269595074824,-0.05796359875561517,0.09346939060533278
989,0.10313817802245169,-0.05479976597186535,-0.0346291853643041,-0.06634172240124564
990,0.0885675697176456,-0.12498174030358818,0.009085268045648985,0.040131968547250846
991,-0.045059569706552546,0.013132359381255792,-0.004836591603893461,0.08529513088106891
992,-0.02880719368282571,-0.07214522661190913,-0.015387270145656537,0.09743981652630183
993,0.016359844245180683,-0.07915460971863715,-0.04135086589945719,0.014496340117452832
994,-0.09097021816146904,0.10845995637590548,-0.12399608094182563,0.0165896663576708
995,-0.008457098744515121,0.1285351221895254,-0.0093224134656287,-0.05531188767140324
996,0.0390414777529909,0.036824816920609925,0.006551716978058316,-0.07276018271958493
997,0.057574139654048465,0.06696940527564618,0.24301848906135853,-0.22171335731470895
998,0.023243712968734797,0.022971670397556706,-0.015334570924177901,-0.12163675514968862
999,-0.06372009608177455,-0.030988353183899187,-0.000861577878779031,-0.13202509415256827
