time_index,V1,V2,V3,V4
0,0.13724493409087124,-0.10255543851496868,0.06342772687323592,-0.08078917849046552
1,0.151191683002891,-0.1930458548053652,0.07222577265494413,0.016504254277635674
2,0.051972202794844075,0.03346700795028469,0.036807814004333014,-0.006627577998112297
3,-0.09661510224109077,0.05200964303303457,-0.027953030682036452,-0.04401764099535181
4,-0.15116627253992745,0.04670519597772514,0.0735030739444683,-0.0846394569093259
5,-0.11079500100993306,0.12790931380508147,-0.155565113387589,-0.2246252898964281
6,0.03455261223503273,-0.0029230901993721296,0.0488507614840943,-0.23640255942611368
7,0.14985485824992195,-0.14360364873210837,-0.10399999373794824,-0.20754823637529207
8,0.006756427495355537,-0.0044517296218742515,-0.049329326516781985,-0.08712971620238716
9,0.11682109325731971,0.026775515526485494,0.15544316489956655,-0.04377738240154825
10,0.2083499746716038,0.06798886372967912,0.07374728639116272,-0.13005383559147754
11,-0.10142119403069627,0.07781526709305597,0.09290984719477764,0.05168193052681004
12,-0.16399540007875862,-0.03818624490506547,0.05310802685379326,0.1495522030459919
13,-0.006935116834110883,-0.050161841943306695,-0.055310093435032,0.09031769807059728
14,-0.04486677806798729,-0.019988243124365056,-0.17157164594919713,0.059642354959858854
15,-0.18050621677803605,0.056787855580116876,-0.14385280573481202,-0.042989728962275625
16,-0.10202552719283164,0.04889166149664478,0.16038429054013542,-0.02542262734796543
17,0.029541394811259607,0.2167486452143985,-0.07308785132986706,-0.07949489425018405
18,0.004515159133314224,-0.0849399736089047,0.004339176935785248,0.03574899243957254
19,0.15066267869777267,-0.1516980893078414,0.05010182709834764,0.02403208484278627
20,0.1315089722026902,-0.07896360274741943,0.023860987305184055,-0.028526512608413813
21,0.1268540706731391,-0.0481741037659636,-0.1237712843229996,-0.012740403170182267
22,0.20465227641219402,0.07491443630678321,0.06585999986660745,-0.02212417927490306
23,0.24348207149859097,-0.026170438828997514,0.22698131965929114,-0.18721219387679616
24,0.04295314401695009,-0.2766561790806997,0.06313731727923616,0.048029536036785406
25,0.019130590660713993,0.20148944356242893,-0.19378721507412663,0.10351684412872517
26,0.13985834488648655,-0.11653053935228551,0.30057398993280077,-0.05101698594085368
27,0.009248575492474827,-0.14724487854555618,-0.08721926309824282,0.08865526483393124
28,0.027765060481002975,0.08909176864311481,0.0740672286158843,0.01523563141951774
29,0.10857802942010414,-0.009239364319872944,0.12378751487072062,0.04942064600586456
30,0.026888885919474304,-0.011263597644715514,-0.07239155086498213,0.06314647596421263
31,0.1201334933511973,0.043970775316314374,-0.12738800577633363,0.05212169691098744
32,0.04603691482185778,-0.10873174027827759,-0.006993097953565758,-0.1661034486293921
33,0.23590109742998344,-0.16437973465857686,0.0033946929489293036,-0.15760501108554348
34,0.14524837684919129,0.061761199480835194,0.10475403783903028,-0.0881272819029816
35,0.0997614973554281,-0.14264356116920782,-0.05620388552054338,-0.0433482050400968
36,0.23563678954866485,0.08078807512660077,-0.15195515709581991,0.04392484448319435
37,0.25353741889580433,-0.1691897636806811,0.024647834663214005,0.10130288358512762
38,0.11673080250973167,0.07998461814478804,0.33203355050633615,0.13460570767704236
39,0.026438910760498903,-0.07495474287968366,0.009856375216436675,0.13378524248495657
40,-0.07206657749999285,0.14086811772107613,-0.10375090422170838,0.21451507805152822
41,0.07832618490874076,-0.03426081509325289,-0.009929890547753475,0.07628466077360804
42,-0.007374206743255542,0.20401788761567935,-0.15842544737800127,0.05851360994802984
43,-0.15654174670777787,-0.058543597092780106,-0.09366970771474994,0.13106458609372917
44,-0.051405746564396455,-0.0019728264165964904,0.006301334696227074,-0.14922003575198994
45,0.1836970114939661,0.0952281271667616,-0.20636970138486332,0.02460774760342789
46,0.21901571624162158,-0.1326982784608254,0.1089205114444592,-0.002289477205765028
47,0.25050237553733123,-0.1060818574426547,-0.13720249175680752,-0.17396123772578365
48,0.20628953382702897,-0.009261751248515367,0.2902065884605268,-0.006829234932480263
49,0.14626242518094792,-0.1740573455072437,-0.14285295888750354,0.10304826662997288
50,0.05092754254011041,0.24708393869449558,-0.03971808541950708,0.0697140529073713
51,0.06078244246653897,-0.17241250256256668,0.05617411177800615,-0.1609612775957937
52,-0.008856549688053762,0.066711018378593,0.12461361483539453,0.0335992213794406
53,0.18083834694723186,0.05360109524260344,-0.12567481259264718,0.2504063747366968
54,0.020752017652761662,0.11182622825596059,0.11578983246635968,0.1476297936032871
55,0.06895204954817107,-0.040350876913485226,-0.05682972907771102,-0.03587198861950791
56,0.10907029638458329,-0.03810651501814885,-0.06538619836625556,-0.17029262967439904
57,0.05644238586974784,-0.09827598152293832,0.17000511231225274,-0.1981257897112923
58,-0.056916049092573744,-0.18246371851788304,-0.03959760491897761,-0.17656736527715478
59,0.02541809283224403,-0.04847933953332202,0.03403001700099379,-0.1585080450458879
60,-0.05878555783768695,0.0003190653530260654,-0.029192330092134962,-0.1277776644100009
61,0.020492414751949604,0.1296530192183876,0.04820773661944967,0.0023564882821747804
62,0.045562007931168685,-0.13677506120252014,-0.000642318983484028,0.2049706136234358
63,0.040845127040569355,0.0005876091528927326,-0.07291196199480433,0.031559489166245736
64,0.011808023041557886,-0.07960835915007522,0.06803103637178551,-0.05438593247972383
65,-0.06463120815037286,0.07399732419056493,-0.06318369745893115,-0.0689387762663517
66,-9.978162569017346e-05,-0.018232531443575582,0.10560597608614743,-0.20615232602263278
67,-0.12800859803133557,0.1396509477322081,0.01901263044778087,-0.07264277895570245
68,0.05464056883863661,-0.10565861477336952,-0.12162203329279359,0.010221681971125336
69,0.05728518948251962,0.05616190820591531,0.026417379899070007,0.011332241458743213
70,-0.05972532046657171,0.01314086545216979,-0.052472953414908534,-0.1029052922322485
71,-0.0402215561690857,-0.03331346617380971,0.01276158385427005,0.03769329560247818
72,-0.04256218301995472,-0.019125654161665045,-0.12987563078476275,0.22553061007915698
73,0.03858564635134999,0.13963583486388692,0.042534222588989354,-0.036296320574985275
74,0.11015759423598115,0.1973064145547096,-0.028536335856630877,0.21415063184055677
75,0.07476460627434209,-0.011101149829819676,0.2552822923333077,-0.02073753007899848
76,0.025724491379843076,-0.10296730913679954,-0.05788824786616443,0.09186949723790819
77,0.0032171305148779115,-0.01747667852770538,-0.031982232883515295,-0.032884200254291215
78,0.010557550334948939,0.14306482702860743,-0.06570836225526751,0.06135070049195039
79,-0.007090565953373918,0.11817900333140774,0.0631420190116968,-0.04250226054238696
80,-0.11375362082667367,-0.07626322395938362,0.012070543576260227,-0.1560956749947293
81,-0.07170247258351173,0.22049515698618982,-0.08634424974871191,-0.07560087498083774
82,-0.24826143830277914,-0.0406436062886098,0.0474860325226869,-0.1393858889892825
83,-0.07978962211251463,-0.012314573532393111,-0.3407786066112062,-0.03133899625107218
84,0.0716861455359071,0.06254559506019394,0.23813651956753967,-0.14108401850721375
85,0.10730303052293352,-0.06830530228371968,0.04719807790477171,0.03418485795399448
86,0.146843544401812,-0.11031698652136829,0.010849581232483729,0.08019407642470322
87,-0.04440452508115329,-0.05515539879887599,0.08072561020187541,0.028436665895834407
88,-0.031066108623752732,-0.17975395448262357,0.04374307383693671,0.00998473076791356
89,-0.08103898216052698,0.10726669718386456,-0.10386861274579706,0.19854585516963874
90,-0.02488200754918775,0.02550762339977035,0.002920160000417636,0.2112290333337852
91,-0.018494920356012797,0.11319291155479935,-0.07975268984228791,-0.06280470412125964
92,-0.02353980766161482,0.07620606163361718,0.0959161128621387,-0.055943192739642954
93,0.13337997288526582,-0.04159631058407075,-0.10225469916962637,-0.04821757259325557
94,0.008896980113393807,-0.028706470630681796,0.06610719335159282,-0.15048102418379627
95,0.038485819303124065,-0.004994406256915181,0.014741935156685686,0.09029102254571511
96,-0.21324422406605642,0.08345711838974101,0.09520566976439063,0.06810765184849507
97,-0.17038677847422268,0.05895832226200009,0.015407617393952439,0.02309954917739103
98,-0.11162809146499131,0.02663762086173731,0.08631247789801173,-0.03021986763200146
99,-0.07331347629690792,0.05677736792016866,-0.10614483026112581,0.142902841687097
100,0.02072646171959413,-0.005918199940250484,0.024018964620178506,0.023078476647747162
101,0.012650520484433617,0.04408531877492011,0.13655549959090663,0.024134077070426335
102,-0.04109155460374107,0.17603457981991175,0.08632075911241224,0.18139581112984943
103,-0.23330518398424832,-0.051590176254135214,-0.16620187767227637,-0.042992369956023346
104,-0.2949207200553886,0.1395429076275181,0.05077963489716435,-0.06565180639525432
105,-0.11430632041783856,-0.07270769364320735,-0.19779065168178825,-0.18564242499571054
106,-0.20629992361547775,0.07348805053596831,0.014973582113592766,-0.1325601944877626
107,-0.18103842230326908,0.12240057831872228,-0.029524876668505853,0.09647837144063896
108,-0.07875226507480619,0.15758896955955334,-0.057437676533156706,0.15999416816552703
109,0.019510876459844846,0.02679952390150328,-0.001789352052076176,-0.10659713388942717
110,0.03222205857868932,-0.041957602319123,0.18070920145450867,-0.07940005659670352
111,-0.04222300454965937,-0.0952364641097837,0.06895701357696951,-0.005741259102556742
112,0.18220501541587136,0.14941003322773164,0.05703113030719162,0.08998802702609054
113,0.1185748627952668,-0.0521442988823474,-0.0979642942736483,0.2042426248736251
114,0.02805742227679358,-0.17292738994498472,-0.026692146506840625,0.013506249251312212
115,-0.13315315764527844,0.09612496161030396,0.0817653535849799,0.06326129909296617
116,0.009726215547754505,-0.022983410386215333,-0.1374629709111609,0.006081751458342791
117,-0.03813944355206925,0.047318257012682816,-0.03627527054090308,0.2558139072952831
118,-0.2029055428536109,0.0895509527342658,-0.00994046979903033,-0.0010445962366044115
119,0.048577791105478926,0.10493281114509764,-0.08533946296189288,-0.0854592303799623
120,-0.0682168615262495,-0.1533902352534478,-0.08391261293242588,-0.25856818214695404
121,-0.014006820096669089,-0.00033226916548943775,-0.014673751407402423,-0.0812099664850864
122,0.003615550257353761,0.10839731505532668,0.006343310433203194,0.0016887580023264293
123,-0.04871784358227344,0.07982448672942746,0.17760341717622674,-0.028071020588097264
124,-0.13945135870608674,0.08547349549963848,-0.07936573937289867,0.0023728884939753225
125,0.07491309431611795,0.09902330454293772,-0.09584781353507474,-0.17943666804716668
126,0.031208538839600418,0.012098120548134243,-0.0023297206673283735,-0.024677613044745833
127,-0.028683091115848602,-0.1015990956638604,-0.11294331755108653,0.09917338884489398
128,0.12596782171018903,0.08111380662446319,0.262280425198094,0.15519870650995343
129,0.09630911613266152,0.021350661205926963,-0.039121140682882395,0.21967868652595735
130,0.14792335377645036,-0.004310304857420975,-0.22342132649175722,-0.04194538701558978
131,0.08843425378880732,0.2947402303881602,-0.039123553526314636,-0.059269024450214286
132,0.10430872395785344,-0.0867219583064903,-0.021547858914466166,-0.030566777261014234
133,0.018822794917608954,-0.08161877661376665,0.018604599356464708,-0.30866270306567367
134,-0.03625939972154919,0.09881827800957396,-0.13665479600617728,-0.13738714406040684
135,-0.0002755770336724996,0.0679955782443841,0.05134102511344705,0.032849822449807664
136,-0.07977552062802656,0.03724544180681372,0.020075961320898283,-0.00846087160711861
137,-0.1526793639833627,-0.028528523226070704,-0.14726533235259004,0.18748764183196276
138,-0.12417597807422942,0.018750162306653988,0.051854415841891335,0.04919966511203363
139,0.01055233035164388,0.008775744887095163,-0.07000307846614807,0.007775208897271138
140,-0.0029610340083313785,0.13518852326041428,0.14066767742766845,0.019539935362822003
141,0.047516722679622606,-0.06022473983675623,-0.11964151422007069,0.0770439255407864
142,-0.04961047347140708,-0.022139387626676492,-0.0042723978534671345,0.06638401260792276
143,-0.08417768843356785,-0.00390213897036527,0.04263675349335768,-0.07845128870765204
144,-0.05245699442526018,0.11026235950140481,0.03184377939245227,-0.08850322327842733
145,0.06985847312428572,0.13750776485517394,-0.07366130734670914,-0.21500341449475235
146,-0.11411278483003287,-0.03238351894013762,0.014334115515767326,-0.11197195032449972
147,-0.04560443229994538,-0.04749322752261042,-0.1007454395849855,-0.1280405574543102
148,-0.058228618850496565,0.0029187221165101647,-0.10266016257265889,-0.022347501507001613
149,0.01921925347678041,-0.1074278793088441,0.05690139458732632,-0.038146678011241435
150,-0.04727571750519799,-0.04436596387849617,-0.19698788832697445,-0.0018144569165140702
151,0.0804731580473152,-0.03467050191458372,-0.02874156485537986,-0.09721811860553578
152,0.022154818639329305,-0.11411193354585106,-0.12339088813451768,-0.09287403871526163
153,0.12232620748933815,0.22057787727607214,0.002413361107927864,-0.10583657059948781
154,0.04419824505656877,-0.25162624770856057,0.08939468276362485,-0.014355142967400335
155,-0.10982231979871078,0.16844262553182132,-0.042445500275457626,0.15998886710809018
156,-0.20354377006820545,0.19300745585320261,-0.05436725944261015,0.05031256117322366
157,-0.2387759348333271,-0.044467720656104395,-0.1211896279607751,-0.007582238721930196
158,-0.12981964603653073,0.02640051817674277,-0.05474071392151968,0.007236871215924128
159,-0.04953686853355441,-0.10445897420668737,-0.04764592449484216,0.05366553907202165
160,-0.1511435417845663,0.07601502268904814,0.0703794346260548,0.06803130537338664
161,-0.223686714297868,-0.07640190139504179,-0.04076928642517348,0.04014943721702005
162,-0.15589215756108493,-0.10999416947495144,0.021181234863623576,-0.12099146598356741
163,-0.12550460374555322,0.14565997214367454,-0.14405952120972815,-0.05261729720565063
164,0.04248018351792652,0.029371274153772657,0.16093779674540584,0.09272268849460832
165,0.11739468580301118,0.04174246829316889,-0.0778439299357614,0.20497640268156475
166,0.10429093074157174,-0.09849058893484122,-0.008614499032887586,0.08081054204163444
167,0.0805858189189356,-0.12433909268792054,-0.012887105073230286,-0.07499740267930008
168,0.015556126736233713,-0.07197563715700699,-0.019771334886408608,-0.2125954213966877
169,0.15028226318136004,-0.09045919535923383,0.16116756167327845,-0.08603438020374438
170,-0.020316127491079028,0.01156764803383642,-0.061834160991587936,-0.016486379575084573
171,0.08360228998156545,0.025999157991886086,0.14444882012383073,-0.056068769354252854
172,0.07997676151351797,0.07891144953398188,0.11464492973641463,-0.19197529546079856
173,0.14370815707108264,-0.1893498849094496,0.0076356391378768,-0.14322198400758468
174,0.1001650973770332,0.02284465719843245,0.09529776115744598,0.07539289063990935
175,0.005833792067409069,0.05962703339979725,-0.06465764091168003,0.057929135648552496
176,0.06971617054335398,-0.003520673435665797,0.029155062327804866,0.023167274085196816
177,-0.0325875565636527,-0.014901921112621662,0.1002351929310871,0.024571578417159817
178,-0.10117446474965527,0.1513816222711315,-0.29147216842116824,0.15740364303890447
179,-0.033092924739953185,0.023337424881088614,-0.032536373082392225,0.051781149880055964
180,0.027416291637331267,0.028354467835453305,-0.1518578478705441,0.02851754350194861
181,-0.06566540584114104,0.06076633829959125,-0.04319579849448226,-0.00853291675470157
182,-0.2543970028929368,-0.029929344748402257,0.07376732075951173,-0.0007867700610805287
183,-0.27528054348185327,-0.005664480668127941,-0.1447414679918322,0.03908633268406338
184,-0.04991620267884023,-0.051733681639261536,-0.12208856608022983,0.044506047956142734
185,0.09395381099216617,0.13887797304749794,-0.0704975852519302,0.06291169569337185
186,-0.06751097444076062,-0.16684220819372358,-0.009425899386190595,0.09486282338692249
187,-0.0179245402668326,0.0879705321430065,-0.03677833229100555,-0.03289011796249788
188,0.042407089914491755,-0.13310493698119924,-0.09466671153061666,-0.031887609131038476
189,0.13335272752027177,0.0350205682237992,-0.04857405540594638,-0.07327841034331242
190,0.12637793841745495,-0.13814663782616807,0.3483986403753957,-0.010288004690553486
191,0.05514820731176263,-0.10589247319677818,-0.15416654596917162,0.06825604228320206
192,-0.11288271958632679,-0.023166527711930285,0.19215596324501422,0.015113857785583305
193,-0.24447828796666055,0.01247271019272081,0.001348576854203365,0.027654621161222668
194,-0.0932843070634608,-0.03843416168126958,0.04133784686948407,0.0716847199128727
195,0.13327863602661774,0.0999562163770794,-0.17278661705805315,-0.06174471343298636
196,0.09044373456245997,-0.13891892968732666,0.08100133474087168,-0.17207485607719047
197,0.00833450320225037,0.12796600316479126,0.007328278869068311,-0.15780420356290187
198,-0.028238209819371314,0.012323952656402466,-0.01936531991046781,0.1640522367948692
199,-0.0703665735825725,-0.0041034570167957675,0.13177024978825758,0.16392747502018998
200,0.015428339839060504,-0.10667351112992984,-0.1327294834771969,0.11612456153281718
201,0.018418904236050897,0.09850424981167197,-0.030723437595352676,-0.0027594555973555757
202,-0.053033566442585986,0.040166855166385775,-0.001627441900006979,0.22311849333374625
203,-0.016600327047371466,0.02837637306074347,-0.01798007791088587,0.10628989942263278
204,-0.08551833183240103,-0.06838331162467401,-0.013681888590783006,0.03786241787105935
205,0.08120444670790516,0.03503000259116147,0.11019068665142603,-0.13331056111671732
206,0.0818074223501293,0.02094026348333803,0.054674378117099146,0.09294774170616739
207,-0.049878719909014706,-0.1993774594644987,-0.07876231876929167,0.06376961451126678
208,-0.019719205096939533,-0.06439323547009393,-0.06895149646219531,-0.0569477746273728
209,0.046805396270398855,-0.05008164480930584,0.006622062504684273,-0.14003045389715893
210,0.02383819410199624,0.16078824903251457,0.0565510109567054,-0.14810897105413467
211,-0.05236682275849975,-0.09383659186734225,0.15935439712301816,-0.05952338538014697
212,0.14581910976979806,0.050715719456214725,0.032089599502898095,0.006046565271316095
213,0.11693695880632837,-0.08531180556374335,-0.07360043860863527,-0.0004971981951967424
214,0.016707866056150183,-0.21371369153664194,0.07634586312701272,-0.09583397418428408
215,-0.058674967874653705,0.008169603306991909,0.00514656384407073,-0.04930232617075503
216,-0.0751512774760767,-0.015521543528623262,0.16005512718453993,-0.0035148787949297287
217,-0.036121830475353015,0.02113137853512053,-0.097790224901351,0.15754592366265546
218,0.011370542459702218,0.03368053659639374,0.03188148182342539,0.010344344518745156
219,0.06798919437091368,-0.14512443297983574,0.022547447142584116,-0.1403710253189738
220,0.04525197948064526,-0.0352106842939198,0.00877252567474821,-0.04459058117555313
221,0.054699392509846186,-0.05856848833167021,-0.06228911127076785,-0.059465007400231584
222,0.029519323759328277,0.14211084211334887,-0.3007477248316306,0.24688042772239183
223,0.15403953866350775,0.04032351284046824,0.11187855757488713,0.26511600734788765
224,-0.08219297952502744,-0.10629699858809993,-0.06995813072166703,0.24292534994952997
225,-0.11868447960282634,0.061006706326448557,-0.024764724955804857,0.07790222457982822
226,0.07731690639730693,-0.10774569720409416,0.06886357598512462,0.07408986877261846
227,-0.07838273988360368,-0.16635518288414725,0.11726424924434674,0.061856977871612075
228,0.02872688554595599,0.08996033225997457,-0.007592061423034778,0.12201807413285082
229,-0.25644738995731503,-0.0042805868225139,-0.019159890113949998,0.029994609059692468
230,-0.036403524477301136,0.09196455350014994,0.009951770896792209,0.09692673884518961
231,-0.06414269434742677,0.06123900130219903,-0.05234573748936699,0.09671606428557611
232,-0.2218829565091779,-0.04821952702527384,0.005536591849826065,0.009598815727905684
233,-0.12360597542458646,-0.14276214794653863,0.1574818667204342,0.043558350789974803
234,-0.0390506856372366,0.14154214419506878,-0.08436477474610168,-0.04660013163148201
235,-0.0026132427258037383,0.004049909020544765,0.002956710272436828,0.01245402028232779
236,0.00249455655401641,-0.08752046563445304,-0.004501051150390452,-0.15370303890144646
237,-0.05355688114096033,-3.8671836558187844e-05,-0.04712015233977601,-0.05572820641040885
238,0.022137037991276212,0.13317363463651785,0.04496099114743976,-0.07974421809790969
239,-0.02613993559807304,-0.04528028674971222,0.01588281375845877,0.03342764120477773
240,-0.00037622020407508325,0.1650260755481948,-0.10090438014022331,0.1607065143818588
241,0.14146467498061469,-0.09434263214270461,0.10124721278486443,0.08098026916376468
242,0.08829408618308263,-0.11906955440539321,-0.04615256441197119,0.06986438360048783
243,0.08544200487715665,0.13885242114019428,0.11925407868669287,-0.06669779545689936
244,-0.06844986731905078,0.039359169088604214,-0.10949585091586697,-0.10997463498508361
245,-0.17975656205057247,0.07714448715664776,0.1523319027434458,0.015890276482494983
246,-0.005479448504788834,0.07381858981440687,0.018330720817111637,-0.09815925569105141
247,-0.007480816842943654,-0.044046789737265196,0.1391032865519826,-0.012559206439810906
248,0.03437673335912549,-0.014212237120589551,-0.04491663014036577,0.23055258174336754
249,0.07971567450423307,0.14555987773155632,0.07555012490655731,0.02049558699745871
250,-0.04894307429444226,-0.10669494199652299,-0.09081375695554025,-0.14294733655054406
251,-0.2395078056908684,0.08205973330373402,0.04585350155179186,0.025154471142145807
252,0.10560009403381859,-0.12685230946226356,-0.07502509850478623,0.08930904701989122
253,0.08523727657534552,-0.06284817958032446,0.06415921956498158,0.1702349986713615
254,0.08757339535892796,0.12236741771341608,-0.13587396643309702,-0.008341658920948458
255,-0.12632685220048356,0.028489917811565305,-0.03209176631205367,-0.13349868880334054
256,0.0018605348989565937,0.08818420692050757,-0.0601610257487571,-0.02098005490823819
257,-0.05957572029167701,-0.24370871579360534,0.049008363657804394,0.04777627038053511
258,0.029308545021375292,0.15922020803553882,-0.10509776210503732,0.013765574970057336
259,0.13424811621608748,-0.1916960437062062,0.11223639365835597,0.05596887543263652
260,0.13093617567826735,0.13217695996322093,0.07874551125404887,0.013525280116266601
261,0.10076603912972004,-0.11605384726668469,0.3081808519799178,-0.009721626588965474
262,0.17223983130098994,0.0713105165482425,-0.14988473528342489,0.04460530105761039
263,0.10382478332759203,0.09097656823216298,-0.1803036262527326,-0.029287205971621873
264,0.017858391456158695,0.022238040521782257,0.10056108428433816,-0.05643263503383516
265,-0.07357478361629644,0.08869495695711671,-0.17307925656605797,-0.2072108173140433
266,0.12179815162898208,-0.026088012518887232,0.19012408190133073,-0.2818051981593921
267,0.0011661681118604744,-0.031183552466773914,0.18349927239691438,-0.1846450235562568
268,0.1516182064212693,-0.0035697026231428933,-0.06038949324736681,0.08311183690060579
269,0.13414583007483238,0.06159972265233751,-0.022786245326030352,0.00011848578260332393
270,0.0015737242468941148,-0.09039022867813895,-0.10595203834473162,0.06185492474323519
271,0.05444228829705675,0.28184756902549757,-0.08630588013680486,0.10257317373094939
272,0.16437712803313712,-0.2250649890524033,0.06738725253412796,-0.09740621633745633
273,0.04167574698820678,-0.09288580780895739,0.2108511657605276,0.011355440389982784
274,0.03365115009451623,-0.08046538323758155,-0.2780609756280993,0.0410149199198909
275,-0.047970760956573225,-0.013088729576195824,0.16206138734781708,-0.04657028224721721
276,0.035147039709166,-0.011033652522625993,-0.11277551190981273,0.049806868721033994
277,-0.01457463271093658,-0.00886826680074301,-0.021183385391561532,-0.0373608408613168
278,0.12386757554252337,0.056035961671497284,0.053483652985394675,-0.0610032603969361
279,-0.06081940782099466,-0.08831549031031866,0.11233548613805258,-0.07485259006391537
280,-0.21459147045288757,0.2805979411514673,-0.012526958383409177,0.029833202875009776
281,0.11310668810797637,-0.19732397013597353,-0.09258204622009722,-0.08533220629137665
282,0.03820794943607727,0.10337984791193902,0.005042091550774286,0.03505207886715671
283,0.018536716245678007,-0.027550765464960103,-0.08229543789027206,0.13429127588022807
284,-0.05838165904011061,-0.10541145346233091,-0.13127335122192277,0.01623611925408451
285,-0.14788175619749686,-0.016338689563821555,0.0856109536457205,0.03408077430203183
286,-0.14402721073777983,0.05589709511569046,-0.045148296345015784,-0.043911487198735645
287,0.026769230344902473,0.12968236932282043,-0.11566237873834205,0.1400780554695804
288,-0.08624660481463854,-0.08871662439188441,0.08464565406522541,-0.07537868345245492
289,-0.036814157101662484,0.009995401273963561,-0.06883256163298303,0.1212509131147433
290,0.047196393778534365,-0.11080133299044695,-0.09671099538041583,0.11361379121308358
291,0.05599198085263386,-0.004645194153489251,0.2876413688708743,-0.08973934536436726
292,-0.04627717647531078,-0.024471590908890457,0.08141396261458794,-0.0395335867770155
293,0.1122964180059549,0.13097611041759483,0.16950551977382639,-0.026329780809325277
294,0.04081521396266936,-0.14857637621700298,0.018739572561244477,0.020575053829784834
295,0.12472329718875551,-0.009472783344778843,0.027112098056203023,-0.014756091585773266
296,-0.01704189231381196,-0.034306812308009624,0.23964486862258086,0.0776255586152395
297,-0.01880103679101426,0.08141756062544331,-0.06134284986895043,0.03546903927379656
298,0.007106963256471956,0.11504321710326473,0.18611037660167884,-0.01672190880735476
299,0.09246119543236095,-0.07041592524673335,-0.14660454574709791,0.08178267261054908
300,0.019035722018862788,0.05764610278720784,-0.024252143100554138,0.053634866870798534
301,0.06712447356724897,-0.0492421214970413,0.14515273718004984,-0.17173567568274076
302,-0.06148605728297486,-0.011877661880144589,0.1089472963392647,-0.22608274774604553
303,-0.29576151014460084,-0.07183100748273677,-0.0530718690380769,-0.16396496592751103
304,-0.07798006055012396,0.03192161526503305,-0.15072100957382636,-0.135341355225518
305,-0.022171380981600257,-0.05078052809886136,-0.22087943989873673,-0.17924763916086706
306,-0.05964161729327335,-0.013094074010046367,0.04913162389016345,-0.17612399938414108
307,-0.08500384410436423,0.0008486144928269018,0.046628630905432934,0.03854456701063724
308,0.05885841290370217,-0.005526815381332633,-0.0022142104953651945,-0.10665196388809284
309,0.1305993496310142,-0.008095447218819895,0.09946467676929578,-0.11419911747572511
310,0.16544712714070103,-0.11535148222722771,0.0733309155749223,0.05685752468222704
311,-0.059868099648210354,-0.1162181435335638,0.017318225761235206,0.08911404283731737
312,0.03555381559239785,-0.09580400303350571,0.01501644955232891,-0.01900060312606254
313,0.00020738899156602826,0.1921950638918983,-0.08800070397580793,0.1345300788199706
314,0.19495395787504363,0.08414225443661083,0.01119012603836557,-0.06517726909257116
315,0.06458975680948927,-0.16234516914908062,0.017923502433491084,0.128280545472277
316,-0.07765687150663636,0.17443973924509704,-0.050068764540812716,0.00962303795541726
317,-0.08047254252819766,0.01437195981749496,0.02481555967196178,0.07093274354171365
318,0.1357075272068469,-0.011034266969530915,0.013344247919371326,-0.027429014745915616
319,0.14758016480012393,0.16875825060174643,0.1803186426641697,-0.11062706102152432
320,0.2753910820858049,-0.02389716614078838,-0.023541862627497318,-0.00792824054959565
321,0.10915661334851026,-0.01665124340495118,0.07605991891755093,0.19286569826101777
322,0.1805496173863661,0.07390445201607101,0.03447135670061087,-0.057107380590533025
323,-0.03824179801229398,-0.21590149902420974,0.09976229065064385,-0.019473255550154348
324,-0.12985025040912013,0.00851197854935768,0.03202528161411444,0.0030505082880130825
325,-0.18415672604929864,-0.07029125585073068,-0.10763287697444057,-0.08080013650667259
326,-0.35479253554026846,0.06802006444484182,0.022374135372297037,-0.17703795226213992
327,-0.1200846137136242,0.20982270443122217,-0.2594237684209732,-0.045827033743837176
328,-0.2779694760865767,0.08238104690561132,0.094465999673432,-0.1069930637221489
329,-0.128642296015843,0.024591312105151447,-0.0679039466542177,-0.16026784749924572
330,0.024256083445741962,0.11258649483122622,-0.11720514976066082,-0.03269303492101089
331,0.02984719339357872,0.0806885621833818,0.09800233603996535,-0.09279109334303781
332,0.04638504374622268,-0.13448097891953706,0.0868055105606127,-0.18379026335224935
333,0.1723823240983673,0.11653152981186987,0.006313504179884872,0.04934561983420427
334,0.2095491084974076,-0.036401074090108995,-0.042382147906710355,0.004247919404515743
335,0.32580737090042133,-0.0639311700047048,0.06058874398963011,-0.005516688148056068
336,-0.0034374217789773787,-0.12893584053330592,0.257939972112364,0.03513825301040491
337,-0.07314868587221676,0.22888187444128996,-0.20315369707527184,0.14154957416860783
338,-0.12532633923599465,0.00391281807411693,-0.053830156214448296,0.039984253373278315
339,-0.015137710649668894,-0.04091188152544632,0.09090139511926958,-0.1913936683763717
340,-0.11009019689415038,-0.15447833799711155,-0.0512811491964343,0.06519350483182935
341,0.10934006267821089,-0.010750018172635767,0.025920821784925052,0.015543290879862006
342,0.17402564874874,-0.044524425207584636,-0.026126939279140518,0.04985756029109223
343,0.2457368402747071,-0.12700386251657397,0.04345038456329641,0.050689658095366893
344,0.04167807439955961,-0.10409251271094966,-0.12296007610283033,0.0009418805919651635
345,-0.017344017133424386,-0.20680710867166816,-0.008549908986861213,0.016933431658889386
346,-0.010723726623708362,-0.07040742568182853,0.051806214096947655,0.07350411503221564
347,-0.09344821036807487,0.04763098338081312,0.06507572437489247,0.2176487671609386
348,-0.14391267379772277,0.19924892870056357,-0.14738348475467866,-0.08347284458232904
349,-0.216968998575521,-0.003054403697026394,0.03137981054275686,0.006765999103490836
350,-0.1802560797694063,0.09267883135240808,-0.10291624988979398,0.018785630174096613
351,-0.09120703598204097,-0.04964371364587031,-0.016918701504536605,-0.037924582815593647
352,-0.14642646778810364,-0.09393921784828677,-0.09560353414073007,-0.14444643675796182
353,-0.09354312373128414,0.04996973283930998,-0.19382896774337563,-0.0017221074894129135
354,-0.0054547804549261655,-0.1037784503230183,-0.0592220883394004,0.010898775413213942
355,0.07134546870622326,0.008777071072127296,0.071531892410053,0.12096011896178023
356,0.04568360414128314,-0.22693892928069498,-0.040757154546070526,-0.06012254426717157
357,-0.09012793850378843,-0.06686344433731818,0.06850263691362067,-0.07937441902026893
358,-0.0015905042746094736,0.11101940574263436,-0.12613319210221166,0.003684672452214143
359,0.11063073692001199,0.005232454859151674,0.18460790194727872,-0.0441362675091011
360,0.01671144231574089,-0.06880376812922741,0.014135128083866674,0.03707238888211606
361,0.034008319978822504,-0.03635453253331275,-0.061067266828683,0.05633019630279098
362,0.036455652623195174,0.1996281419657688,-0.10636761508519696,0.0480546256855845
363,0.06274459760476897,0.060556631485850596,0.07908730882497121,-0.04232890225754815
364,0.1331251646412175,0.08043849949167171,0.1721935433552545,-0.12176947481157983
365,0.04350033800576884,-0.0833302797834906,-0.009838706507017021,0.002998566366956161
366,-0.029965216840964478,0.037413081858632735,0.02831959087735635,0.10970412929598329
367,0.02878908771490993,0.013303875031420106,0.07289977428160116,-0.027660518010990842
368,0.001166347995945196,0.07828657762145413,0.11370299496824954,0.13111400262131764
369,-0.09087626001321515,0.006758989425711712,0.030179813114620715,0.01218052511023901
370,0.14800528399172885,0.16315225910458084,0.19240454845330288,0.05224885482365571
371,-0.010948045783725338,0.06240260252194088,-0.14151052464483635,0.11185897403776239
372,0.012299170300537739,-0.05622254537466944,0.05512351837924312,0.11440725753686641
373,0.056251358063491574,0.0972189424695557,-0.16733148172276954,-0.017328752878489784
374,-0.042530172649744444,-0.01597789772415058,0.07748477117476278,-0.19664736718356973
375,-0.16319095694592245,0.018614230506360914,-0.0821125021274488,-0.13731186161408032
376,-0.011190905960444947,0.12239901632549627,-0.056268578124341516,-0.03923656883137241
377,-0.10082654671705726,0.06598529426457073,-0.13708864047059546,-0.0923969495333429
378,-0.0601807188057278,0.15516538325142182,0.06308260967312586,-0.031104004557211382
379,0.09510209022349785,0.015044412276290768,0.13903657504777725,0.0074100491951215475
380,0.1618166922675756,-0.03861678003005465,0.18970221627612763,-0.04133820420644242
381,0.08329967586933097,-0.17664250129265735,-0.012983104834050928,-0.002145445321120246
382,-0.030095060804852268,-0.03839910831364616,0.10561490961857459,0.01499763785189981
383,0.09277980561018141,0.08980790737020061,-0.058728887281804705,0.25873412860260014
384,0.15697180010761427,-0.16781079157222123,0.051520465075945085,-0.008451278304970958
385,-0.07895905531630604,0.010148309381456624,-0.08917646406935975,0.006694551775299458
386,-0.10475619741080555,0.15447842132593806,0.12011801682431245,0.051213970999502124
387,-0.0972474087545888,0.10948763209418781,-0.18305744090101744,0.16879345663636558
388,-0.17643312446601356,0.22907893712754854,0.18883216023655788,-0.01394805146481097
389,0.01699296177868924,0.07437988698644096,-0.22564885710829763,0.03800749393480528
390,0.02740967485398329,0.09952034442163497,0.17782696796862257,-0.2123367424338265
391,-0.03406997241292479,0.0629765471228664,-0.046452752633435,-0.06776555729910022
392,0.0480253016763117,-0.08995418545682861,-0.0359405004604962,0.02189968649448032
393,-0.014049962304749471,-0.05396753984080497,0.05481077598989597,0.04828522732965989
394,-0.17432910424179845,0.08696098512250813,-0.11901222714073398,0.002745466956300742
395,-0.21583177997286102,0.04612981190629524,-0.04287012564922248,-0.2015592758337292
396,-0.0676403911127764,0.12082573016120537,0.09691813924930318,-0.16323071497607577
397,-0.0095254320735291,0.07791717956052749,0.012785423791166421,-0.10316321544051993
398,-0.04450308671346177,-0.025818237832120457,-0.10331952392571198,-0.08505143396105737
399,-0.03955621004845734,0.08011068214282333,0.06722457112399613,-0.002180792512675736
400,-0.15138034229901115,-0.008649719774502202,-0.11367666418530123,0.055619471886974
401,0.10037343678312924,0.18415963011676834,0.04010065691537314,-0.09553060059229307
402,-0.012219382119797936,0.01966945518444188,-0.05406795677869435,-0.04371461770725285
403,-0.1418953603810867,-0.12786699080984273,0.08080770383210245,-0.011163611064558085
404,-0.004681419964890084,0.1179065435363955,-0.07073589025397606,-0.015696463021648732
405,-0.030782802255704136,0.007028678035213367,-0.005409991386418508,-0.09300469253918309
406,-0.12725051611003638,-0.10053922921109282,0.12216961602241574,-0.010007681469053238
407,0.0174483748136324,0.23572804634401553,-0.20133336964820459,0.18795622541278417
408,0.09604998033400232,-0.08634944259249738,0.03705074535929194,0.15551122621268676
409,0.17477751323092774,0.00272417681987561,-0.051726473866218814,0.006329865415055258
410,0.25184415923341813,-0.010419883477605175,-0.07877622061167161,0.062155465665042084
411,0.03391516371767282,-0.04622915577948912,0.16573516975578728,0.10581482869600659
412,-0.03786364493575596,-0.030476152881692923,-0.10613631088156975,0.015939957193382717
413,-0.0668388786046003,-0.014760049709093462,-0.1826064637101527,-0.10691726431575127
414,-0.08159111960464066,0.18614098730893985,-0.08249889905045288,-0.08117457350523799
415,0.08534362975721053,0.06802681911331726,-0.05395371386454727,0.00920284334182235
416,0.027634972420453152,-0.17328656013323568,0.05341033975021649,-0.062075597931934456
417,0.18902450249094063,-0.04111073190478943,-0.07395767862043513,-0.03648203577772542
418,0.29711585069215474,-0.16885872331667376,0.2635230377664016,-0.2347843630833824
419,-0.07977580866629444,-0.0019817210505013727,0.03342111917213968,-0.11937181283270643
420,-0.1440631861786514,-0.072435448640759,-0.1212920782639729,-0.0689371514530963
421,-0.07470030650953105,0.03158389415904796,0.03392804467332072,0.10147054511619105
422,-0.10658924052589841,0.19656466732325534,0.05560939457311716,0.14635848335590546
423,-0.07743058418704035,0.15045378323615602,0.16002280824673423,0.12198971787077281
424,-0.0791427377547714,-0.21897464294932173,-0.15244815845612952,0.21078410615901105
425,-0.012383517045923265,0.08435332014832632,0.2676919176881852,-0.07466802059108527
426,-0.1754251247675656,-0.11670867514636403,-0.2664304770075836,0.1677518362028661
427,-0.143136677349892,0.015965380209523955,0.029467515434188088,0.22519241244074667
428,-0.2530906614664771,0.056350266061191534,-0.13623943253529416,0.1317373254920685
429,-0.22105076074384955,-0.06470622429029127,-0.007667921943385591,0.11483394947153241
430,-0.040979152757294704,0.1681362272419367,0.1442421508409226,0.17966369699226523
431,-0.15526198690847692,0.033376440442911354,-0.15554709462463714,0.19769930555465892
432,-0.2845824170901519,0.047660301937226,0.21761415629124717,0.021837952083420938
433,-0.08786449744969754,-0.13646583018869374,-0.09439891566660291,0.07367539761222991
434,-0.053523319172259956,0.05682201174616744,-0.002330586264571003,0.07448696814700356
435,0.048616161231010424,0.07481896544262273,0.0734350487471578,0.062335325526174934
436,-0.06861438975858374,0.12136808472387184,0.1650772290246778,0.01604093030011635
437,0.05001324319506226,-0.0499870375179013,-0.10251464031623975,0.08364381925186702
438,-0.16977073815862298,0.04673131169748318,0.07255708016789783,0.17723912326552865
439,-0.004056841766398561,0.14610350991439033,-0.1785201771497828,0.0011164862081447513
440,-0.1025618549685103,-0.053691826425562826,0.05350483756761466,-0.1528347625842192
441,0.01166842112137497,0.12767499813415742,-0.04370155852156998,0.015527267090109556
442,0.044690654911598085,-0.1202797722679881,0.01576737456141699,-0.030950155174453004
443,0.0609245899164656,0.07786928735824158,0.011395323528116227,0.08217403808446393
444,0.003198793261566489,-0.024069914369596025,-0.11932329321685853,0.006866956808233078
445,0.04931250150690807,-0.04078432762879458,0.13529181465699955,0.0736708845663129
446,-0.05867965012614165,-0.1077467146444806,-0.0037241554888335845,0.07880951328832901
447,-0.03548564158668213,0.10523646300342046,-0.043837889772580886,-0.006009261843633325
448,0.07471704979141955,0.16340099711084569,0.10935528180978532,-0.03322317774293485
449,-0.08121312561234134,0.071864982943048,0.1053999720095832,0.03954536457058126
450,-0.02627589974294828,-0.09728399648644068,0.03181170191216892,-0.04907513869294147
451,0.05631873489194843,-0.16986000667466186,0.26771838979620655,-0.07004403021765376
452,0.03215944028006205,0.06767500760635196,0.07017403413669684,0.04875668512378056
453,-0.030912581322562055,-0.03333695879362944,-0.07815412722653485,0.11506755027909155
454,0.0411661606637043,0.048645465417014075,0.08427236686109965,0.002480012233419926
455,0.2112289996700338,-0.1774499205295689,0.0936252916779847,0.10894377018759294
456,-0.011733915834620579,-0.23451025486258562,-0.08404503440338396,0.34882081058453573
457,0.0628380023772078,0.03692105342599342,-0.05851662477305878,0.20557052621853927
458,-0.02143785296569737,-0.17260274904948325,-0.03786870265569232,0.1358043092135975
459,0.13933634663380406,0.1522447380337416,-0.030921331016335485,0.14847857751460636
460,0.09553911854053111,-0.1680488099532959,0.14347142160223225,0.07187089279889361
461,0.02003656074790815,0.11962387335759796,0.05221263938880179,0.02249556782350736
462,-0.15218127750970695,-0.02668538725788495,-0.14884805582956778,0.06451971560492765
463,-0.3510228145211379,0.09454657640888978,0.005465398486977007,-0.05377169625450852
464,-0.19231967336481592,0.008495157634439046,-0.054043016021190875,0.17168198906287557
465,-0.03507168642226118,0.0095289198986373,-0.0898718378355241,0.06941322375714998
466,0.07043235748144143,0.07197891457431783,0.00484205375427366,-0.04997404027349532
467,-0.12181636935083305,-0.00034512701989444783,-0.03994315001936284,0.0032009444445843596
468,0.05188122475775826,-0.07672280014132724,0.32625192885472915,-0.19341432170320896
469,0.12316988554425558,-0.1098970772651401,-0.09994281367490317,-0.0647926430862635
470,-0.1144446177298711,0.0853655901031226,-0.06662144845990357,-0.18125738200556668
471,-0.14790988105056013,0.02447761021909486,0.11907519795213148,0.04984395187004689
472,-0.048611214347237475,-0.05713362983961438,-0.19473988087492536,0.12887673394723237
473,-0.033503044628497236,-0.02998832584100587,0.23722031128114845,-0.1059322384326489
474,-0.0840390252890023,-0.03855897576275808,-0.10743878208233543,-0.13450494231297155
475,0.06899614242579508,-0.018837973568995317,-0.19159808242973705,-0.07539089434311183
476,0.009452397763984884,-0.16669299173019073,0.047341894870645725,-0.10484911226983881
477,0.09715023491944237,0.23035884277844795,0.08991584034400538,-0.15563628350713965
478,0.082849325415644,-0.12469129970360603,-0.0827662122205948,-0.21394884825148172
479,0.02923942116394926,-0.12974248806291885,0.11918139605042027,-0.25222029425562215
480,0.15665859477570707,0.020498368020854134,-0.11572802178811545,-0.3620819201609434
481,0.2059047821742166,0.16399913120845905,0.23797911237662955,-0.1151667009843342
482,-0.09495791623551918,-0.13978074246960442,0.00843829448219307,-0.04043538268603054
483,-0.1996271039294374,0.062446374084679845,-0.17279396577273237,0.0011341051739338064
484,-0.1119649571484288,0.014866795532297986,-0.03805274445930597,-0.18391879028658062
485,-0.04823144699596547,0.09225173518994678,-0.1549312946669466,-0.1445638029879623
486,-0.001334381577517564,-0.016827557296340043,0.08514651321240142,-0.1443737300447083
487,-0.035613708060516634,-0.1226681736086615,0.13366126468066683,-0.10229059759347718
488,0.015664652644194865,0.06798863486926673,-0.23824952402948607,-0.053120160180717316
489,0.13810489036502144,0.041073409200533845,0.22149395988008425,0.09006420324314843
490,-0.06265966908375586,-0.03508393935849716,-0.04750722207900634,0.03478083774587163
491,-0.04511467303251453,0.11181885711117803,-0.0668170313697521,-0.050133944733104924
492,-0.05454564092853662,0.06192233553761815,-0.022248798663426758,0.08510907468878741
493,0.02464168116138151,0.04912240248254346,0.06625346069104368,0.14487429959462902
494,-0.05301112706730345,-0.18906044222458726,0.06216568878504708,-0.09333953050710693
495,-0.03227066035925941,-0.10288625917437363,0.1584912902967468,-0.018670702025269548
496,0.03814676227381966,-0.0626959464198005,-0.04726051673101071,-0.18745259263618352
497,0.1555621352944766,-0.027742469815579755,0.08953585108837965,-0.23375694277183276
498,0.030165488082659717,0.0768166550654426,-0.21989080919374612,-0.22777413136445285
499,-0.05194101302586582,0.09970245123913228,0.03638286484382092,-0.10130600450805011
500,-0.0773965783736548,-0.028842657730547974,0.06472480122071245,0.012305820344333626
501,0.011975892734782237,-0.040180138950151066,-0.08543092244687289,0.07439539752277705
502,0.15918086133313342,0.015481207988183403,0.08094950916235627,0.0883088909612236
503,0.10962244494292503,-0.35785579008706225,-0.03289582744114536,0.014243109761037482
504,-0.004394271932115147,-0.11994604654106805,-0.1111967836516779,-0.08561628819159142
505,-0.17719614125203478,-0.012130890046475735,-0.06735943010146696,-0.16179994861474953
506,0.04229940634784235,0.08342381990189568,-0.1370375339868023,-0.030058895690226572
507,-0.054576175640127206,0.04120085639470822,0.04971623080437897,-0.04458568485914866
508,-0.055869450805439494,-0.06073246509286824,-0.23010743480741433,-0.11404408913605099
509,0.062005755117490076,0.11252942018072386,0.02401553058473062,0.008106296681217678
510,-0.012691200843112052,-0.02398040665649698,-0.03363106334026375,0.03773478109929964
511,-0.18170733133536637,-0.0696103969707503,-0.09918112477184979,-0.13448668768291047
512,-0.34541268992006213,0.19402121292129965,0.07515455907930568,-0.19234172428036708
513,-0.22088993818713804,0.12985633250960268,-0.07356854883464253,0.057646599108268665
514,0.13893371974675106,-0.017590750240739132,0.07146338879059588,-0.16400346288700404
515,0.1998220390170791,-0.17969637589416446,0.01281135377527726,-0.2296184579908771
516,-0.006690254318597336,-0.021959317348736004,0.07802610883344895,-0.05456560943884607
517,-0.21143352196352241,0.10406306595450229,-0.03811599510709213,-0.14705951717544816
518,-0.08530605341150733,-0.032849296098605506,-0.18467776540268732,-0.02926303430010626
519,-0.02975139007781355,0.030635875932640944,0.07251476494912423,-0.1555468393108336
520,-0.022651488292377855,-0.08650313535610774,0.09345292731755866,-0.24664378938453774
521,-0.10239426317469195,0.04324144744048409,0.05209145876986671,-0.1696672610107302
522,0.008776513505000895,0.05289263989699032,-0.098311291207476,0.01709761499916279
523,-0.08276184171745427,-0.07028291457964767,0.16798380111573094,-0.08163536150171828
524,-0.12372504108621903,0.027346477884758153,-0.0943055113458176,0.0756697213879956
525,-0.09730681201106711,0.11861384237096134,0.07138986469470716,0.141881880414519
526,0.06693229424176744,-0.020523399607743825,-0.18333377615999352,0.08969045073287538
527,0.04812460162367778,-0.030252565942010083,0.21681008203337504,0.056951971169123095
528,0.0288905652184926,-0.18397061302764856,-0.11716299188249123,-0.04233872129173228
529,-0.06959790006361796,0.05976136088052127,0.15688600229326885,0.10717561487906035
530,0.03491881035737204,0.07352112255320771,-0.06528077220377555,0.07691364631734741
531,0.11832480761198375,0.05554352211244472,0.1779247072951919,0.08800164616587103
532,0.009061254357023207,-0.06951189421821366,0.1636182486233499,0.0070419922516350986
533,-0.0869626404854112,0.001910891310029153,-0.06605319277259333,0.06846417040262553
534,-0.21471065486847263,0.133342257053513,-0.08508764129985305,0.12695100267896695
535,0.045621401908792714,0.08729695478587617,0.08452631427837974,0.031170163089274033
536,0.036966128338521184,-0.2149626120856708,0.009100507513518222,0.11829639022162224
537,0.15987555718159147,-0.03384983138964839,-0.04062902933734358,0.1356560737559414
538,-0.01166397083081469,0.049430957068882654,0.037059450634535904,0.19520389434738322
539,-0.09412443745520525,-0.1806421200280867,-0.06573534041216653,-0.10133378015174459
540,-0.028408346688571173,0.22724730084083244,0.18157319629654947,-0.11341036110530044
541,-0.05441214915367169,0.04130204601873509,-0.12395434354310558,-0.3063553169864317
542,0.015734877948207975,-0.022145696786122965,0.02051545391571041,-0.25708229488200113
543,0.18884369456658817,-0.07423343425258867,0.1583215129700677,-0.22701054131416126
544,-0.02878565746090217,-0.08683448030315427,-0.15797952747999983,0.08682065099936204
545,0.06205389800978704,0.003404758920122739,0.12492044699626012,0.019122235373754636
546,-0.0012913749261433856,-0.13722389180162886,-0.0958703926731371,0.051686768239084246
547,0.010247992572991008,-0.053633534054382294,-0.23264460215353727,0.030076733950033664
548,0.14813835519638588,0.10498466949421784,-0.09704754034274576,0.06764778155971436
549,0.019220642324206595,-0.06401029263507726,0.040166467238018144,-0.21222647756575275
550,-0.04044003797381179,-0.024483375596160976,-0.14080617203209123,-0.0820470217773572
551,-0.046744626109132076,0.08614926776263959,0.11453555142703159,0.04462176662219135
552,-0.21425054198838878,0.06738366818363475,-0.003845349074690814,0.09935826061259914
553,-0.11987197078131476,0.05767854497477614,0.09822550594627706,0.09782383835162901
554,-0.0749196184210762,0.099512304531058,-0.09709715571795252,0.00015884509715538564
555,0.04275159438734445,0.02468786384063016,0.03174252185918164,0.03700702535676752
556,0.14449448224964573,0.042714730892390806,0.04046990804169983,0.11158644528056266
557,0.048294767012227284,-0.07311113579578644,-0.056848683920715515,0.1761124558391948
558,0.19117699374502906,0.0426675070226291,0.0342955469542991,0.1992774804742099
559,0.07732776969887843,-0.05472155127626667,0.13785859861831434,0.20918310243694463
560,-0.002066941822340157,-0.05113786047921426,-0.0737737728339533,0.029152308404768734
561,0.06436351719044449,0.07056804135896551,0.11194753497116557,0.14600761355123806
562,-0.014455334683823231,-0.04587195862245752,0.04744239564157034,0.08436448859916552
563,0.059694507013124586,-0.000554301438892341,0.16794957103407898,0.07478676678755765
564,0.13366769752171784,-0.05635881231238893,-0.1474221932954947,0.1244400354021177
565,0.08977827328575316,-0.03502574253273005,0.0805645767064713,0.06917255543469643
566,0.06786252219417518,0.2478851640151103,0.09622330880459865,-0.024148182241198135
567,-0.03048465756481742,-0.02803680807172782,-0.14260058915709264,0.03178649151512613
568,-0.10229223683687376,-0.02122177182491701,0.178470373745387,-0.15657332288610395
569,-0.11223287647599625,-0.0173858394282808,0.08149581329624828,-0.015771427283108482
570,0.1171665656938256,0.14668643555810437,-0.07143703312905779,0.19615577968980355
571,-0.09324226192741145,-0.053781592049905735,-0.0480797723127975,-0.00013654919350684913
572,0.12224644445910288,0.0445617206883193,0.000348300414734414,0.13889819575497428
573,0.18516471189665484,-0.05524073562418949,0.029107538161620858,-0.04799784464272046
574,0.17518301551696885,-0.22803338102461373,0.006379973676241633,-0.06674411843461855
575,0.25364502088561125,0.06672710623778455,-0.16616830109663266,-0.039172039294729635
576,0.1584419993680385,0.04434835103008586,0.15938660455923487,-0.03287860197148044
577,0.1442195721081838,-0.16212563232100652,-0.1374181132366605,0.08036816211135919
578,0.24739227311421458,-0.040526587185059984,-0.16173452110013506,0.17516353338616808
579,0.03182332456611467,-0.2282556707725225,0.22966526487224265,-0.04142639713924459
580,-0.01664546365157491,0.06402565936411964,-0.15733034142243385,0.043553239579115284
581,-0.07280889220575662,-0.08300492341343466,-0.026793955069641384,-0.16784876017629474
582,-0.21081064264360397,-0.08883464745725414,0.005093016107188779,-0.09747360988664776
583,0.0028454814820282476,0.2771634629650719,0.008837975555162324,0.10357607255542808
584,0.13318482165710904,-0.02911802066357344,-0.12802334378576863,-0.1966544964076144
585,0.11758927484538687,-0.03085663848145275,0.039858918548160906,-0.16485911992842706
586,0.11200675742971816,-0.07076359008617768,0.002963927160302157,0.06521992521474013
587,0.12473371871301864,0.03551457538450805,0.0680793374675492,-0.05016805627134072
588,-0.24174381060290667,0.02400770370192845,0.07290990991609705,0.00957484822045668
589,-0.24564842503297457,4.551942835445688e-05,-0.06964875948131036,-0.06309931222170531
590,-0.27183556673257586,0.2428201071274507,-0.11575151582014825,0.011952243355099444
591,-0.148973019453867,0.013081382340755097,0.1445706438711445,-0.018670574611287617
592,-0.053069124437774284,-0.0063329747414332185,0.17512698295389734,-0.07061604353216025
593,-0.14078670402269294,-0.0889483437804813,-0.08393886355595967,-0.09066730950677994
594,-0.09890018645879417,0.07374943033004727,-0.05489241352754415,0.043709492421718385
595,-0.04556646436646652,0.012665294689163704,0.1412127301217744,-0.10835373874886094
596,-0.22029605507973812,0.08119693955176222,-0.26735890550203745,0.14958235738010991
597,-0.03479233439318333,0.12434465692609689,0.08690060230287691,0.09346199950596962
598,-0.19507039589541122,-0.08355990019811267,-0.16790087666525738,0.0673501259598882
599,-0.10041917734247226,-0.09864614364333783,-0.0493445942176854,-0.30571997099446985
600,0.03449257512291966,0.004128787404918899,0.1502865162085032,-0.3594364800732426
601,0.01964658776982712,-0.020818816405683817,0.05068196180774208,-0.24388401399617593
602,-0.02069181897432073,-0.035782155287640664,0.0760755743360706,-0.04934593581371054
603,-0.061804950465889755,0.15420206206955925,-0.06811001649444653,-0.02206749330628481
604,-0.1465222915871036,-0.0032644100261670873,0.019813718565372507,0.04881214853472359
605,-0.11581486026061462,0.023638285315433483,-0.13856059585691527,-0.016628500046033255
606,0.002903588142774652,0.1394648496174506,-0.02551826085830761,0.19662583276078333
607,-0.19696511318916668,-0.032500326372835425,0.18019523342893415,0.142681721967027
608,-0.11258494672399752,0.09931339318512238,-0.08123342273889701,0.13946432996095137
609,-0.069866869331406,-0.16424213533011756,0.06285944107099684,0.09964002076328135
610,-0.06444173547958157,0.19190273388228965,-0.20873120509508972,0.008373778637534177
611,-0.08673085068944958,0.08866056973581224,0.28779911077176595,-0.07542419819203244
612,-0.0668087379782124,0.1435381509330738,-0.12336257788010947,0.04666811726583776
613,0.03740479186526985,-0.15457070903940232,0.09226030748587231,0.02269972099377059
614,-0.14396567436819277,0.10394069438233247,0.0077813453293762574,0.11106706684150237
615,-0.17826191581991857,0.029353057898755804,0.01073277785821904,0.02727361714884454
616,-0.019003531787597547,0.05771424952859462,-0.01853747518400947,0.1277524730888217
617,-0.038524956275013934,0.19731136966212953,-0.05599232620478406,0.11777403963743861
618,-0.07527542548169325,-0.10688610578633226,-0.2617851740518963,-0.1477724504672855
619,-0.07361161265501738,0.05305976979707261,-0.02214686453204015,-0.1957056795311771
620,-0.06875516946180085,-0.2084571661138755,0.04595173002752696,0.007945247224349902
621,-0.16766889844212116,0.0058753708156416215,-0.033154930031364965,-0.14610132122688954
622,-0.07669519105225465,0.12950379962550423,-0.0950074444285075,-0.07684240236213845
623,0.11625460753246808,0.05265237034839559,0.1896002489888599,-0.07933387035086047
624,0.05709487139110243,-0.040776613918151544,0.032268147177641926,-0.06543541593998642
625,0.1074440342411189,-0.015058266199830793,-0.05307054338905035,-0.024509659400471985
626,0.04144721332177247,-0.21350945185634643,0.12171149673543799,-0.1411485431554227
627,-0.038042226191061554,-0.19455529091316626,0.049000070078606864,-0.013499673374090929
628,0.06996813420708613,-0.05588533742086835,-0.1391937473977505,0.06559209899665885
629,0.2757245530864097,-0.2255072039629328,0.14007734023098822,-0.1672845311705629
630,0.20338692027522612,-0.07111581527015998,-0.07569901005427986,-0.05669439038831031
631,0.30223302249188005,-0.2792025926974729,-0.08423944586715952,0.07688080247307605
632,0.04245300730674567,0.08678566098510646,0.03769818553706375,0.20505985124866818
633,0.10176920810015808,-0.20717511685061224,-0.09142591024100187,0.04517237222116834
634,0.06654731087695293,0.19250341334295668,0.16970136112455075,0.07326751216686493
635,0.15739143781859144,-0.07460672890013895,0.017634132473204757,0.026849002899261162
636,-0.173032411936855,-0.1427707168255846,0.06840240780017717,0.005685741300497213
637,-0.04582036765811809,0.22309517629747222,0.1937349924445386,-0.07398371976474277
638,0.11986782666637966,-0.031069553559624565,-0.1556093417058586,-0.16194951519548412
639,0.015492356111080241,-0.2786264889956757,0.05221771520345243,-0.1712304389495196
640,-0.06672358413918242,-0.137141854313815,-0.1524377056626855,-0.07738143631312684
641,0.015336687077583514,0.21250656181811545,0.22362176689878255,0.10484415959134609
642,0.04639949026209819,-0.014672832633911358,-0.21125588959284247,0.10663892873526548
643,-0.04345448987235477,0.05209067272183436,-0.10058168642228975,0.001243931835459549
644,0.07250775271611498,0.04043723418316809,0.009310280687005446,0.04312682394751953
645,-0.017842931753108228,0.0338814941860563,0.14324191783433327,0.03842166972493423
646,-0.050360342700849964,-0.07357243878927132,-0.06994241822489732,0.21483581302993915
647,-0.019934506218441943,-0.0009076297534923658,0.0708417931153196,0.20274250404284272
648,0.03050230744914332,-0.03313510962290977,-0.09318540145082094,-0.029001897101184462
649,-0.02218607807490887,0.02506234612278676,0.21222067337983125,0.0189891275947775
650,0.10601443043973274,0.1328903967161024,-0.12648875718313252,0.018071062078155287
651,-0.08112813387163473,-0.005822377914130525,0.01370289188961768,0.02958454057474092
652,-0.01763888246444051,-0.03757429538593935,-0.17663560575242948,0.1883075999074788
653,-0.09137736282645093,-0.05381089541186732,0.0777161941579289,-0.023157998362406007
654,0.06675186766453267,-0.011507657286057793,-0.02095012317197424,-0.20091857560603346
655,-0.06512016375411714,-0.11783656989600991,0.07443609859394607,0.03064128515585099
656,-0.2033513061553965,0.04920136987816291,-0.10793821443684433,0.133749007203316
657,0.08702497919527943,0.07006904526674655,-0.15641832099810646,0.06817239988975289
658,-0.011013971409573754,-0.05888853803877646,0.05691426481212979,0.07064806527919498
659,0.09894008988043962,0.040685501708573754,-0.024392117381628935,0.11043830095155155
660,0.08520748452896729,-0.06988261488729496,0.028103103282635638,0.07084592089142236
661,0.15871832971089694,-0.059514368415224665,-0.005715076575249627,-0.053801020554336526
662,0.05825225073230879,0.12603840641582725,0.1441694221357293,0.06508043040613153
663,0.07981090171852281,0.054774193054525674,0.07742755540807039,0.07315759505108584
664,-0.09413046844067655,0.010235491740624006,0.02606982239190908,0.032109520220433216
665,-0.32233625807871424,0.07674958248269736,-0.014223522301658343,0.014134438244612272
666,-0.12135590754937389,0.04219507505748837,-0.18452523962424144,-0.10089096229780346
667,-0.07368977529087067,0.09289996263221677,-0.09343194748813256,-0.1379464585146666
668,-0.004308393993049844,0.027561932070621978,0.09754148433853686,0.11271338279152474
669,0.02148650021558857,0.08594870026828023,-0.13260890219917476,-0.10881383232173802
670,-0.04651084595250257,-0.09345819686358749,-0.026706275185046112,-0.033107985478876716
671,0.03298651915043352,0.0686936850215556,-0.10731230667591615,0.028884495683483738
672,-0.10144557813133065,0.008369962147431874,0.07879467804850815,0.1617466973957585
673,-0.01241732522801391,0.05978602755653304,-0.02221181428962212,0.14405082262489993
674,-0.040750577798430054,-0.08920458899410846,0.0864822264058911,0.09482521122497392
675,-0.01805270381906067,0.1135792799423411,-0.13166192416081796,0.25917797001936116
676,-0.076303291266452,0.13064433688603452,0.1354054044523072,0.016658239387668472
677,0.0033128602214315683,-0.053627627344238725,-0.1466950670501928,0.2639360370464271
678,-0.08216842162617614,-0.17450887632127568,0.08489037075485024,-0.046640271379364856
679,0.12859834203797338,-0.15345636806968832,-0.08987439317401158,-0.08880385282164807
680,-0.029645092256536228,-0.09377418606239397,0.10911572856430093,-0.16838351588203204
681,-0.0061642373598744474,-0.050265918590820136,-0.1418150398460455,-0.013257415075459217
682,-0.11241268633830083,-0.02169769014854829,-0.029267011265125008,0.01125891007054295
683,-0.030954383300670914,-0.04891457790177482,0.18631036002443604,-0.07358334114259998
684,0.12427649480420258,0.16535304743096235,-0.20010090381275686,0.0800583453575856
685,0.30865955908318704,-0.00946568881556896,-0.04919135530110963,0.02731393384226742
686,-0.05741707974867474,-0.2812483189773558,0.05128368763214164,-0.0514343220496806
687,-0.01292262237812019,-0.008290812055220975,0.004453786763683236,-0.1696749360122174
688,-0.043605922891605926,-0.0762218870345102,0.07074846103377125,-0.255259084883069
689,-0.005219478465098272,-0.14344781834116277,-0.0698850967921672,-0.14546805846726896
690,0.07551304951523627,-0.1273367534326612,-0.00279126763355602,-0.328346299619224
691,-0.0346021942231392,0.04044745533915024,-0.12280882424618816,0.04989747175391526
692,-0.08881857076138872,0.0005264878126132518,0.0013851607522897547,-0.0995689410268507
693,-0.028692051571694868,-0.06063989276005313,0.003036640447755968,-0.08020968726251534
694,0.07139497134407219,0.307097460647624,-0.04635315436462433,-0.0382159255749203
695,0.015546668980796641,-0.005675348214263118,-0.012352943183685572,-0.1284481930533851
696,-0.07490851723929344,0.1859786351351172,-0.07085787177151227,-0.1916967471800179
697,0.0727091683770917,0.043795614533494606,0.021784793202986107,0.07444944471738667
698,-0.1754525142295509,-0.0250553575216381,-0.09051527386353568,-0.12643461534080036
699,-0.010241531079814209,0.17817105440593572,0.09696969001669417,-0.1454631991921641
700,0.07980283974652966,-0.009403213483446547,-0.010750901614328064,0.06708980654789641
701,-0.08679488725594006,-0.12090582439455527,-0.11679225524699828,0.025361224139582667
702,-0.11226414253779156,0.1870303791244542,-0.07378853152434676,0.10189972581826254
703,-0.026104570200282527,0.21151405990421798,-0.08904317804782465,0.024951869858627726
704,0.03095992809640119,0.0909594178843384,0.03645901024687076,0.07247260573134383
705,0.21765051180613199,-0.0784338590616819,0.10042192397671475,0.07099313034811636
706,0.19117582256068089,-0.004606565300273403,-0.09615323355466093,-0.1032041410379942
707,0.0673140432532849,0.08245958546312349,0.15862527519364417,-0.1798891930871839
708,-0.04118378636138057,0.09769647592269151,-0.27760702622489586,0.08651993728116047
709,0.09882046984489896,0.03217509967816432,0.059381966265261675,-0.12284282493617316
710,-0.05514068916869106,-0.0029735981208743045,0.11149030659259561,-0.04127039975437201
711,-0.135344462289698,0.09376353180369312,-0.1550758644322432,0.11280605817790201
712,-0.11798126515409485,0.18926218740774878,0.014587550196350215,0.16922999685763285
713,-0.019455393283363608,0.04470265751883021,0.07345553638902176,0.15315966244461296
714,-0.04777858335947434,0.06140944341811805,0.1162547089747063,0.14114628184736544
715,0.17860860756461558,-0.05845233313442363,0.036756925577303576,-0.048503040891289706
716,-0.0955533543998466,-0.08108380479677932,-0.06683800234530678,-0.04066910699011089
717,-0.038638879633563085,0.1533967849684189,-0.07439593536136181,-0.08389124578505709
718,0.10484922384505105,0.19165357563469268,0.06431726549948615,-0.07458102156446536
719,0.14694559050709988,-0.000735490433021499,-0.07358182850988249,-0.09293698827425495
720,0.12130981186008624,-0.13825661379466228,0.05767291763121853,-0.17699297315327378
721,0.06291281576145966,-0.05138266584234109,0.10737628311561169,-0.17530562298337193
722,-0.009472746364654637,0.03194482212629628,-0.20651590537470554,-0.12708910918995464
723,-0.06099617064677512,-0.07670217851061344,0.019518456863571308,-0.20870478305608672
724,0.11064679603473773,0.10272639748520362,-0.02972925824296572,-0.1362042614954455
725,0.11173936169276634,-0.12113411138863846,-0.031621676424112774,-0.0069012129047467535
726,-0.15678934499100713,-0.12340212629801321,0.16886446414712963,-0.09819089932153811
727,0.02407334657402356,0.24648604215392553,-0.11162638839398184,-0.12688618693355244
728,0.01944849356925582,0.004078477194097624,0.11774699822632645,-0.08841536706871721
729,-0.0401405466472773,0.08443205929704532,-0.04008068553729158,-0.011253413316748851
730,-0.00365973154943737,-0.12513743656520632,-0.033850174411540465,-0.1766089816240863
731,-0.11333791358147807,-0.07013533758298657,-0.05110445169740474,-0.31702989815815785
732,-0.1049527588403846,0.024638384307038755,0.11591055459913267,-0.3418908608948247
733,-0.09101270151454205,0.08047947516607722,-0.006005715949979666,-0.18301461091362364
734,-0.055486453386268744,0.010662125459879077,-0.1382391127397209,-0.14332980571505813
735,-0.14415843409310244,-0.24045260351490022,0.04847456164491753,-0.25309953586239786
736,-0.0948880586213935,-0.06136422748874318,-0.08277759001990331,-0.1339821709859127
737,-0.14093393623308798,0.13318007807226212,-0.11079281758949858,-0.06435627971671291
738,0.030970085562216254,-0.051649990896696175,-0.04728007837786495,-0.11656075748710139
739,-0.11240391607225834,0.0777145144460024,-0.20606101798915125,-0.14223132370213748
740,0.10770586705984828,-0.0858661182322126,0.13197689308083904,-0.124909267746546
741,0.08145690644130074,-0.13975116622154354,-0.07488798277090317,0.08681706162418476
742,0.045371915247629166,-0.13091533417188705,-0.0061020199509479595,0.12953073577194152
743,0.002196793479361886,-0.031953836115396206,-0.02582610875520036,-0.03834878006345264
744,0.012251345587684693,0.035183486212902265,-0.08929238462359414,-0.1356480220347137
745,-0.07236582346901657,-0.06643970258062426,0.007515941074469783,-0.012865437374319916
746,-0.11791295573302074,0.1143910614549625,0.12698372327731247,0.08645136392434366
747,-0.02301084402708455,0.051785542363543595,0.00883605245061704,-0.046132619650268464
748,0.12656645974357542,-0.03726149771447314,0.0854921955551322,0.05554618380012624
749,0.2215408945974321,0.04891438130673699,0.07486696053714452,-0.1327677850096399
750,0.05588728451932657,-0.09629637102180652,0.08904013099736119,0.02462146203642626
751,0.1191252408429481,0.0013144359665345478,-0.13387054217749528,0.1590354796894177
752,-0.07620811807699163,-0.1687516609157325,-0.14773747820443142,0.06157946785224862
753,-0.09134561626899665,0.16754704280516458,0.06737650579149809,-0.0030436763744511146
754,-0.02771123423086977,-0.009149478010579507,-0.18226947981993014,0.031028507985832263
755,-0.17734156149643088,-0.02271472947261395,0.035493163127803325,0.08628339376281514
756,-0.02506851352125551,-0.07911192888269486,-0.18211056303560103,-0.07454917918176018
757,-0.1005522183098502,-0.09284071500035057,-0.060506186817800074,-0.18418082833760563
758,-0.002956131374215451,0.0275787887554314,-0.1257363093320502,-0.11363739780799485
759,-0.032871633707791705,0.11650706102734354,0.025693649435374437,-0.12106852512137255
760,-0.058255653287681265,0.1044463801133747,0.027043076470447534,0.019328204614285936
761,-8.991767093574979e-05,0.21846498219223132,0.042380575562057404,-0.006094637253610022
762,-0.041209854597616266,-0.27326437699135164,0.06499801773867506,0.028735332326365742
763,0.015593106639282806,0.015761628412970477,-0.14003936661871003,0.0166106410895492
764,0.24004220365965787,-0.0839234660592247,0.14213483104982302,-0.09215116691467308
765,0.22175809065406776,-0.05313909942322936,0.13739856987567506,-0.15753981140420922
766,0.24071130049471945,-0.15020978737503146,-0.027146366027708375,0.008104128102076474
767,0.03202934226136367,0.10138634241502353,0.08700497479478148,0.046778121999796675
768,0.09215736576725886,0.015473005541633375,0.02444591853164687,0.1927865363744229
769,0.12748146853225995,-0.0007637177548779767,0.013901511720892169,0.07456707900248816
770,0.004278832941176189,0.06438394797310415,-0.17782839136064538,0.05366482329011786
771,-0.10522765864541689,-0.10502569372022595,0.36130890540656463,0.08531743874179294
772,-0.18455345600245396,0.0114206914779897,-0.3206890448748696,0.28839746686343004
773,-0.22889774956108383,0.11873227324290203,0.26084349354479663,0.19612756612598425
774,-0.1803073228134353,0.16170621626349807,-0.13932210426895822,0.1914930051891249
775,-0.02646259716552387,0.04147566926797066,0.058311697669436065,-0.0656499334359425
776,0.12792223552983398,-0.10639178278776798,-0.09852908079359754,0.159116309631549
777,0.07044543451839515,-0.36114673468076414,0.08996735125543041,-0.12429582335816287
778,0.0010502007456483463,0.2972509431008065,0.12327255715405983,0.041573249057902745
779,-0.04046812954279835,-0.10324322331491734,-0.10411201131544036,-0.08717768844641528
780,0.044688971591861366,0.05478080790118145,0.1333122155502876,0.056953687143925694
781,-0.017355112846124118,0.009473792764509076,0.03385240168170956,0.10063707806689469
782,0.054016325341262265,0.06457573117117363,-0.043689263804314676,0.07066498820081543
783,0.08314776515228411,-0.0953010264010698,0.04318326598771223,0.10234684035897323
784,-0.05227472171369533,0.1295807309189355,0.08378120624037402,0.028862712467123713
785,-0.2114905157803951,-0.0554753674109589,-0.16537607837031404,0.12200616822522323
786,-0.13197505299870066,0.10538024385927852,0.0330754640462864,0.1322290269616283
787,0.021620763214073607,-0.04844191210457333,-0.11685126847914662,0.11145244811402658
788,0.23558850834942804,0.08896382940677987,0.06427053802315928,-0.07124426185932091
789,0.269403703463975,-0.17745160096452303,0.0432721935552703,-0.002206783070725485
790,0.3430761916505236,-0.10808161918493656,0.362212037234795,0.09073358524872067
791,-0.03608082441853333,0.043360240368421316,-0.2087607228890201,0.0644969633610144
792,-0.002777182719882842,0.05852809315614553,0.2603429069714044,-0.12086765235900088
793,-0.1070356664055517,0.11497857191966834,-0.08776882587149586,-0.14774315127229584
794,-0.06774854922999388,-0.1094626408213483,0.16254731724335722,-0.11623673868130924
795,-0.02083491166609325,0.2762343947221929,0.03085454741229142,-0.12162881584920866
796,-0.06657542767188951,0.018783000025260593,-0.008350918357547924,0.014373053512067913
797,-0.028059932520299896,0.015839270863943267,0.014901550307460699,-0.09348088930050118
798,0.0641349609938076,-0.14237878480828137,0.09105252097774189,-0.05643369215524335
799,-0.05736128871899053,0.06382504945668843,-0.053528993756290444,-0.043417684290002215
800,0.013555662587539895,-0.06140781361348735,0.024227476083093134,-0.0634474776280991
801,-0.10896569149312436,-0.03415908954447777,-0.19280422145406817,-0.007422161236896742
802,-0.05544314441877792,0.11660330335211483,0.07451157595877947,-0.08343951600221375
803,-0.06751549454050734,0.07658745076992346,0.012120757880325038,0.06115474962838878
804,-0.07103331555759293,-0.14002191749960508,0.10790499898954001,0.07311499051108818
805,0.09121739729284295,-0.05380655131841097,0.06982909181338261,0.01469867582604191
806,0.1790159385265007,0.04726765932433516,-0.1407876730377145,-0.03260280109238052
807,0.11981409693856984,-0.020113775099687224,0.0020395044476608504,-0.04780737101217376
808,0.18500220830406175,-0.02289152848805502,-0.32283983147448914,-0.10088918002490332
809,0.12218810758233616,-0.0924954574761144,0.16237749436576904,-0.2341949459475737
810,-0.02606845241432041,-0.11506015142419992,0.19692193002865477,-0.06011766926856912
811,0.0057681662925463725,-0.0501263619707858,-0.1539661234027035,0.061788098384302666
812,-0.009944776405557777,0.07152179504344704,0.07882492377661304,0.01916840163673884
813,-0.02344550075754192,-0.17794007416423654,-0.08303335975766651,-0.06312501699633971
814,0.027209279124946334,-0.006324848116305168,-0.0137009960188702,-0.09687414219850561
815,0.08134044003696167,0.04432832961813498,-0.20948825656644768,0.09887568445275843
816,0.062180735129801046,-0.03308213398562629,-0.08052117215529708,0.024912841872815086
817,-0.011022150628106006,-0.09240498024708349,0.09532793208189484,-0.014332623811804387
818,-0.09086891205439773,0.042451733763164315,-0.015321451860221758,0.08120571370329493
819,-0.059581614734480384,0.04687591359382509,-0.04868680694478212,0.056638721436497834
820,0.008137366820679753,-0.09088310620310208,-0.11877506725559858,-0.027872040789603467
821,0.0729989667136737,0.08778258918615969,0.09744153163854435,-0.07750052808419972
822,0.02224856122484559,-0.17134630380598512,0.09309007556294968,-0.013870427373060497
823,0.038649469964591426,0.11276781106278781,-0.016293231138953757,-0.009148497458342428
824,-0.1694459300589159,0.039084225092193434,0.01186405275682394,0.004070371653278752
825,-0.09842226137263581,0.05965568593970262,0.05288091485258893,0.07545251585996435
826,-0.07310454929683652,0.05904172248905593,0.031590979145175606,-0.07962782865787175
827,-0.15182640239267084,-0.015197675821532865,0.04479798888554203,-0.003242617064314078
828,-0.08193797218168261,0.22965348265584073,-0.12093112792523866,0.10338876131302599
829,-0.07341024867500492,0.03611216512852854,0.22068236906047858,0.07717336550302026
830,-0.04886478641070428,-0.030251680980833036,-0.1324038170746632,0.09201390697661822
831,-0.03412606093670534,0.01434408956112323,-0.306091068412,0.02010555314130337
832,-0.11171369493600128,0.1904545809309113,0.12099397643746304,-0.23449143613209314
833,-0.07159486425898984,-0.0007283870794436505,0.0028136817348360516,0.012264352441989673
834,-0.06264644679519947,-0.18743552335339964,-0.030403797424226518,0.05309795607926923
835,0.05920433224164154,0.03522413769095056,0.037199123492022416,0.005612708772586822
836,0.08581068930198124,0.014538520249881611,0.05352005123281951,-0.09479912205704878
837,-0.023896678710205378,-0.0034624471597582245,0.1247079884408267,-0.24420913500088615
838,-0.04866744216221566,-0.02387986162731985,-0.08333529648189256,-0.10913316686065444
839,0.1470115015468522,0.1016402239850591,-0.015290376175722563,-0.11994990182433245
840,0.09776169814196825,0.06474838100490388,0.053584880329045834,-0.009075487255005295
841,0.14193598264214616,-0.09565047163730978,0.11321332613219526,-0.1012987981526135
842,0.15913023378564412,0.05710059461036861,-0.06882921600768642,-0.011028758318555048
843,0.007588442707735385,0.13721844034904335,0.10552242370659817,0.06304302664364297
844,0.33543541810365757,-0.031024418936310045,0.048862299208571436,0.0072512404527682595
845,0.098653828247692,-0.16362292682655052,-0.08017848468204863,0.13584783460201472
846,0.11732773468397256,0.0077452802917932825,-0.04140722419092256,-0.050624516499024594
847,0.029117685392452484,-0.02444208378688552,0.08036113018783239,-0.06089003365671905
848,0.1486130004178249,-0.22110214730354458,-0.009278827943676656,-0.017957899134017564
849,0.08776375011743816,0.037514757183748304,0.18908586126908136,0.026700261170662543
850,0.08738697568258755,-0.11732766062196046,0.008642313971957298,0.1490782831026042
851,-0.08824992626584816,-0.0829536196548242,-0.05535404776371171,0.11130452951377422
852,0.030537475529340163,0.2505193091759412,0.08179307359791421,-0.10526768612379571
853,-0.018102263431515643,-0.05952559244385529,0.18037253212667279,-0.15416044133107876
854,-0.049511635410531656,0.07818593422464837,0.056788735520189024,-0.018762826254669025
855,0.06228307173766026,0.036575511426776244,-0.06280694638866771,0.12466356206995638
856,0.07291218096295152,-0.02055969361193469,-0.07604779761254896,0.13130322567062916
857,0.06370854868441009,0.02899674496029919,-0.056263960445602154,0.19286171314666864
858,0.05069527442777997,0.05488115290102052,-0.09324343373136479,-0.019994770481010046
859,-0.017196884087602605,0.1283147815098213,0.10320156043537196,-0.04075322613493256
860,-0.04223350539725765,0.025822647320640303,0.019652444357746775,0.03640458962357152
861,0.05780182265873955,-0.0076224864388934575,-0.033058209536906094,0.14721716166764462
862,0.11199654241044159,0.11173690277152078,0.08608740554499539,-0.04062482436065405
863,-0.005407134653464506,-0.2832764109244778,-0.007580879292042794,0.095436809585948
864,0.2582755219422347,-0.03490587736150369,-0.0031480059147416034,0.025132670815727988
865,-0.028657321536125643,-0.13186522290102587,0.08049516233164872,-0.1697867344037154
866,0.13346752558201366,0.24684355669644464,-0.15326933169281104,-0.13236750417753523
867,0.011362219459030376,-0.2750694101204734,0.054221921238864254,-0.13167529154029037
868,-0.05800594274939218,-0.03166078432438439,0.03267323295040944,0.20914871116366812
869,-0.08317439878810706,0.011767194100226893,-0.14566639996918412,0.11702007538864762
870,-0.10170548040838837,0.16416271747702788,-0.007537831589976597,0.0938649161113293
871,0.11163379295821102,-0.1792569202011962,0.19685951721286923,-0.1212875468846705
872,0.10658812659744044,-0.05631350652306156,-0.05498512431153146,0.013871559496503524
873,0.29484603435753853,-0.01407479031021475,0.0820959256098327,0.05005728453629535
874,0.0046676943115280395,-0.23800464227416587,-0.14338338069832557,0.02478433151490996
875,-0.015542587618048106,0.04335464173413541,-0.11139285498390103,0.0400560783585812
876,0.0034713935981503796,0.10465154559964582,-0.08002638380539545,0.0862908624343165
877,-0.05184070167720306,0.04405878334202264,-0.0483161040669793,-0.03455366824502085
878,-0.025124217996101816,-0.06193457005547638,0.04134759887125759,0.025391544797412284
879,-0.037817725322189015,0.08142836670001517,-0.00029171677641329913,-0.02337065131846921
880,0.13870422807003882,-0.004259578332309154,-0.0028712377771385926,0.06090020442644117
881,0.09466942376841209,0.07859021499500579,0.08528739353931591,0.045733184728376515
882,0.05235019134399566,-0.054156378119180754,-0.01021453422359055,-0.05490515775344401
883,0.035521223325290466,-0.03787666049488067,-0.09588487910505161,0.08242339864304576
884,0.05309428568000037,-0.181124961725764,0.07566276949034581,0.03792885438604319
885,-0.020537835695616236,0.13945529787281455,-0.11558801674152011,0.03601566091753129
886,0.018040870673182198,-0.16191287653360104,-0.14264525498898306,-0.03535837064910055
887,0.14474595938173845,-0.0322535448494104,0.023550037457080446,0.10717547420052123
888,0.17714130595282365,0.014409218535500326,0.0024877685946448017,0.024154914333027862
889,0.1298514537922794,-0.05015988209780379,0.008098997696307304,0.05555114701406861
890,0.05572768699441902,-0.05140261032021201,0.09213097184767839,0.04701484414817478
891,0.02174088439452238,-0.004102406245693195,-0.06525571443117954,0.01758355739698359
892,-0.009731693960784344,0.04035772538515925,0.09828042266514428,0.24478531774040052
893,-0.06133908225820906,0.28874773075670584,-0.15883675188042184,0.2808680002748525
894,0.08724632914514902,-0.15430286523908798,0.04524231162118278,0.17070593916283194
895,0.17861814277818028,-0.015060482530155815,-0.05448846562996233,0.04034559571973395
896,-0.07378197115365824,-0.10717789936665936,0.17029601356768637,-0.006134190835171934
897,0.15486157894788793,0.046411530853600294,-0.10577132409387272,-0.18328660587560633
898,0.24176375573564818,-0.12705907252592208,0.13007502756083478,-0.06162627176413661
899,0.16646160576869,-0.005347143403518009,-0.014532394424530295,-0.0967930427499377
900,0.15173847334747362,-0.1203280965452676,0.04860356149755827,0.09982475901312084
901,-0.12495705358153286,-0.2551759160241218,0.07193567107013266,0.010709014701015027
902,0.05433984885976224,0.12653516035320106,-0.06610204070846266,-0.057368865357923085
903,-0.04606738929993773,-0.03363978785840675,-0.09982426677072678,-0.18604578457850246
904,0.012032874982602509,-0.12865141937453728,-0.19492876992063635,-0.11691762089627035
905,-0.09950069986315417,0.20703809919343275,0.130812250574989,-0.060604937418245276
906,0.06267838832498826,0.06686054629244044,-0.1770258442871711,-0.0981014544737322
907,-0.10014341892146657,0.012436953857663989,0.2026605281301027,0.06274435758742536
908,-0.13990273648682994,0.06372080654995904,-0.10749791032356759,0.10329442747369409
909,-0.11421679868919091,0.0019144599204581059,0.033602738330044166,0.15920239164573302
910,-0.04606536098411813,-0.06768708758197828,-0.10987807604147357,0.17672769362737
911,0.026580086752207868,0.06778606234285216,0.00892028084193926,0.19111903437952563
912,0.09817755580155457,0.04826942435976967,-0.11600201933446626,0.0020864208094712594
913,-0.013004836965489472,-0.07953344968379439,0.20665991092342312,0.03238076545128803
914,0.0018526170709185453,-0.04725927074992989,-0.18516739044320882,0.02759572349967433
915,0.10775204640391697,0.14252512016855992,0.18809026440658166,-0.13424915395113166
916,-0.10962716893146982,-0.09027919983522423,-0.02893413471426045,0.12442633309537637
917,-0.10279113520501407,0.08028611196459659,0.08691754781763397,0.2442292561234407
918,0.09238147159235144,0.11442704181654734,0.013810399964941864,0.05159499835844805
919,0.1074478225664709,-0.05673408929141074,-0.23288842293624884,-0.06935029674782843
920,0.024327773542269594,0.06788065300821484,0.006071110204957389,-0.06376588440891082
921,-0.029849658439095553,0.04679764953670508,0.10443862761009037,-0.08972554863295713
922,-0.021399961559264494,0.09132332908186387,-0.1392878608339566,-0.13090201563517007
923,-0.1455891540098091,-0.14486280776332514,0.09214002254823295,-0.037565706233577675
924,-0.10060157437447349,0.046688337139321856,-0.0563256696837576,-0.09832002624821867
925,0.06863212746026322,-0.20678494631152614,-0.08860690302757106,-0.18672966797699375
926,0.17533716275983227,-0.056959928144408534,0.12980078816511226,-0.032403660489789196
927,0.0006058892248980846,0.07283095645514379,-0.11462998096404373,0.06819559049501085
928,-0.00020616173244674074,-0.08670714822579302,-0.004716985124545714,0.14297866649618346
929,-0.17943300547680102,0.011004106662779123,0.029832339379410166,0.11078590446372169
930,-0.09042096101536967,0.1508518580238384,-0.1910720872371214,0.12881227031597892
931,-0.16361033444502493,0.09482742503901738,0.03649635944275548,0.026204620676876088
932,-0.07050118811959653,-0.13299250694973036,0.007135684577679602,-0.04147966555739269
933,0.03321140230525718,0.2089004182949944,0.1495861316656181,0.03483497816063573
934,-0.10167495749155382,-0.13820239855560565,-0.12161568949342155,-0.14463185398814085
935,0.03169107754656392,-0.05755083622918539,-0.1407243481913091,-0.0973503424847562
936,0.04595492731184426,0.1061464702289457,-0.06127683751779174,-0.13146633233432892
937,0.11821970254229666,0.017771977170801694,0.08187613301071789,-0.029673127447525628
938,0.13041484183490015,-0.11930895310714693,-0.05826648699092801,-0.217030449529856
939,0.12925825190365464,-0.02235643368175809,0.02721889876027939,-0.1430540868805895
940,0.12196903939832032,0.004026470967191748,-0.029099591786687397,-0.03502596357246188
941,0.023341086267021603,-0.17001185905879906,0.056034876413719,-0.0648759533232891
942,-0.1728533620277946,-0.02958212522151084,-0.008178996303890362,-0.1275765951512362
943,0.2004108060667938,0.14039102866980874,0.21998498396411909,-0.04978007564955724
944,0.10330578788384452,-0.09314228876109036,-0.013195135464633918,0.012444094678269438
945,0.21173711791661948,-0.08575113646317951,0.15250488970407075,-0.07153605623270677
946,0.12563145753194704,-0.10970446383139767,0.0028337909233637493,-0.22411698020382545
947,0.05731609981883573,-0.2511575935884512,0.15881105392682413,-0.1293843331578621
948,-0.04303029214314223,-0.004990842188009034,0.0036373873945196797,-0.07326288309163265
949,0.39171855497068675,-0.09764282947361036,-0.07894124112791391,-0.03099967961409792
950,0.35345391198155984,-0.14834262209833585,0.18032130485171943,0.0899733452204983
951,0.20183322976430654,-0.16479635057521294,-0.0384223454327415,0.14112743129280486
952,0.19472906872905354,-0.06087971293562289,0.007895633975749314,-0.017070757077493795
953,-0.05710143007615538,-0.213566749058894,0.06645072609532073,-0.021086910836780146
954,-0.26277891947012516,-0.019077106999913218,-0.06472742769832694,-0.0915527375441313
955,-0.25447014357755865,0.2186879462202494,-0.08335991419420927,0.13607128774759547
956,-0.2601845307520897,0.014608718807869878,0.14699861828978558,-0.02407307551285278
957,0.048708715880532535,-0.12250167544674631,0.01795921485763194,-0.13596952234135795
958,0.1344244993938804,0.051972856969246285,0.04168332340221843,-0.17030433369408512
959,0.0974328213742369,0.02369843430924448,0.02423612202985653,-0.1057421179953267
960,0.07140880415452328,0.011140054500617606,-0.026649855101735592,-0.08651014117576594
961,-0.010338392383461573,-0.23712405779023982,0.013502542753554158,0.258230680802017
962,0.0802826513246334,0.16414787626806596,-0.019971988227747164,0.1085585298358808
963,0.21112013857456652,-0.1901842518252888,-0.0853923956275534,0.04642530933765815
964,0.32668698982951183,-0.21225589747018977,0.16247756039010286,-0.0749746988987537
965,0.2156492657416814,-0.12855084541001435,0.17528620750646312,-0.16274152740657757
966,0.019896292654056333,-0.19275318229442,-0.06194031264887888,-0.04279896944908902
967,0.04777291224797472,0.007313277141335554,0.031828996855387794,0.030756427991205176
968,0.00453023582809281,-0.13553759157745038,-0.06801179680566999,-0.01873829635067856
969,0.07846219811237558,-0.09653480010621293,-0.19917841140310347,0.11864443716814395
970,-0.14698565677076125,-0.06787749926527466,0.16420055426872324,-0.09306523692354206
971,0.06343960239571599,0.22547823958622215,0.010212412267885149,-0.04445544184775494
972,0.02508079237807803,0.06926782510992124,0.09284126353223565,0.025785812314393322
973,0.012343754115890403,0.04853013436811114,-0.059975814626607324,0.16114048525051566
974,-0.028261332879248126,0.03586435330753097,-0.04821564167346015,-0.15062452919809946
975,-0.14072253673419177,0.037677005314573395,-0.09769701578832131,-0.1392804940150404
976,-0.05207849808520763,0.14720331683908844,-0.018795774242163322,-0.15954332881817915
977,-0.10086500384430064,-0.02089867178309097,-0.0392329026776485,-0.1468016370910444
978,-0.09271088007358641,0.2756787865857312,0.06909019795469058,-0.2648873367280144
979,0.10827867677244807,-0.09281604347766978,-0.06456356492024216,-0.2761158326235694
980,-0.01001554838821124,0.188800810770068,-0.04619541096510803,-0.26953580066941635
981,-0.01390086116779925,-0.1549058421929066,-0.06681938417004465,-0.32930039240553444
982,0.08767909916885491,0.14489360438449395,-0.05094094769515034,0.006677305992074445
983,-0.13328778568768573,-0.10976729319951971,0.22732241637902603,-0.000927228273333535
984,-0.05073299885520331,-0.09953169160670934,-0.055983634908295665,0.015455737129653393
985,-0.035728169836509116,0.056515685293419285,0.13644747830074658,0.05688246194370735
986,-0.02552745488415225,0.010111258017204028,-0.1604299755262126,0.05491334017672932
987,0.08261280377762273,-0.010155926122447347,0.06032193805375157,0.06928023633329213
988,-0.13305306756522303,-0.038752295536760434,-0.08901943283123771,0.09375489318083077
989,-0.12088620370446232,0.07711624335864589,-0.0050705545958431835,0.02885070334755439
990,0.06492086178993797,-0.15305702575322455,-0.04428905184489597,0.10531881209031166
991,0.002215979486106509,-0.03635996912041142,-0.03493526178213447,0.025567887665421125
992,0.004206146304275251,0.010514563846383577,-0.0022278306828356492,0.10157422519191048
993,-0.07608123027479101,-0.042032470993021195,-0.05392344924266807,0.02087649869699102
994,0.10114727295015793,-0.08712805215590928,0.02067085147352868,-0.00431449693502587
995,-0.046221205286607094,0.040483025712338264,-0.05180085374794065,0.2541107745239514
996,-0.03682267948075334,0.05917620763086854,0.0759235720529739,0.09025023349411768
997,0.010193910973930798,0.013786470924897515,0.02330750268149085,0.04993604381284037
998,0.04512032984713058,0.20749239127976918,-0.02155871740574429,0.16822788782642203
999,0.07249427479718443,-0.08301921382245968,-0.029225030824953944,0.06111818723727516
